,stimulus,response,RT,correct
0,0,0,2,1
1,0,0,2,1
2,0,0,2,1
3,0,0,2,1
4,0,0,2,1
5,0,0,2,1
6,0,0,2,1
7,0,0,2,1
8,0,0,2,1
9,0,0,2,1
10,0,0,2,1
11,0,0,2,1
12,0,0,2,1
13,0,0,2,1
14,0,0,2,1
15,0,0,2,1
16,0,0,2,1
17,0,0,2,1
18,0,0,2,1
19,0,0,2,1
20,0,0,2,1
21,0,0,2,1
22,0,0,2,1
23,0,0,2,1
24,0,0,2,1
25,0,0,2,1
26,0,0,2,1
27,0,0,2,1
28,0,0,2,1
29,0,0,2,1
30,0,0,2,1
31,0,0,2,1
32,0,0,2,1
33,0,0,2,1
34,0,0,2,1
35,0,0,2,1
36,0,0,2,1
37,0,0,2,1
38,0,0,2,1
39,0,0,2,1
40,0,0,2,1
41,0,0,2,1
42,0,0,2,1
43,0,0,2,1
44,0,0,2,1
45,0,0,2,1
46,0,0,2,1
47,0,0,2,1
48,0,0,2,1
49,0,0,2,1
50,0,0,2,1
51,0,0,2,1
52,0,0,2,1
53,0,0,2,1
54,0,0,2,1
55,0,0,2,1
56,0,0,2,1
57,0,0,2,1
58,0,0,2,1
59,0,0,2,1
60,0,0,2,1
61,0,0,2,1
62,0,0,2,1
63,0,0,2,1
64,0,0,2,1
65,0,0,2,1
66,0,0,2,1
67,0,0,2,1
68,0,0,2,1
69,0,0,2,1
70,0,0,2,1
71,0,0,2,1
72,0,0,2,1
73,0,0,2,1
74,0,0,2,1
75,0,0,2,1
76,0,0,2,1
77,0,0,2,1
78,0,0,2,1
79,0,0,2,1
80,0,0,2,1
81,0,0,2,1
82,0,0,2,1
83,0,0,2,1
84,0,0,2,1
85,0,0,2,1
86,0,0,2,1
87,0,0,2,1
88,0,0,2,1
89,0,0,2,1
90,0,0,2,1
91,0,0,2,1
92,0,0,2,1
93,0,0,2,1
94,0,0,2,1
95,0,0,2,1
96,0,0,2,1
97,0,0,2,1
98,0,0,2,1
99,0,0,2,1
100,0,0,2,1
101,0,0,2,1
102,0,0,2,1
103,0,0,2,1
104,0,0,2,1
105,0,0,2,1
106,0,0,2,1
107,0,0,2,1
108,0,0,2,1
109,0,0,2,1
110,0,0,2,1
111,0,0,2,1
112,0,0,2,1
113,0,0,2,1
114,0,0,2,1
115,0,0,2,1
116,0,0,2,1
117,0,0,2,1
118,0,0,2,1
119,0,0,2,1
120,0,0,2,1
121,0,0,2,1
122,0,0,2,1
123,0,0,2,1
124,0,0,2,1
125,0,0,2,1
126,0,0,2,1
127,0,0,2,1
128,0,0,2,1
129,0,0,2,1
130,0,0,2,1
131,0,0,2,1
132,0,0,2,1
133,0,0,2,1
134,0,0,2,1
135,0,0,2,1
136,0,0,2,1
137,0,0,2,1
138,0,0,2,1
139,0,0,2,1
140,0,0,2,1
141,0,0,2,1
142,0,0,2,1
143,0,0,2,1
144,0,0,2,1
145,0,0,2,1
146,0,0,2,1
147,0,0,2,1
148,0,0,2,1
149,0,0,2,1
150,0,0,2,1
151,0,0,2,1
152,0,0,2,1
153,0,0,2,1
154,0,0,2,1
155,0,0,2,1
156,0,0,2,1
157,0,0,2,1
158,0,0,2,1
159,0,0,2,1
160,0,0,2,1
161,0,0,2,1
162,0,0,2,1
163,0,0,2,1
164,0,0,2,1
165,0,0,2,1
166,0,0,2,1
167,0,0,2,1
168,0,0,2,1
169,0,0,2,1
170,0,0,2,1
171,0,0,2,1
172,0,0,2,1
173,0,0,2,1
174,0,0,2,1
175,0,0,2,1
176,0,0,2,1
177,0,0,2,1
178,0,0,2,1
179,0,0,2,1
180,0,0,2,1
181,0,0,2,1
182,0,0,2,1
183,0,0,2,1
184,0,0,2,1
185,0,0,2,1
186,0,0,2,1
187,0,0,2,1
188,0,0,2,1
189,0,0,2,1
190,0,0,2,1
191,0,0,2,1
192,0,0,2,1
193,0,0,2,1
194,0,0,2,1
195,0,0,2,1
196,0,0,2,1
197,0,0,2,1
198,0,0,2,1
199,0,0,2,1
200,0,0,2,1
201,0,0,2,1
202,0,0,2,1
203,0,0,2,1
204,0,0,2,1
205,0,0,2,1
206,0,0,2,1
207,0,0,2,1
208,0,0,2,1
209,0,0,2,1
210,0,0,2,1
211,0,0,2,1
212,0,0,2,1
213,0,0,2,1
214,0,0,2,1
215,0,0,2,1
216,0,0,2,1
217,0,0,2,1
218,0,0,2,1
219,0,0,2,1
220,0,0,2,1
221,0,0,2,1
222,0,0,2,1
223,0,0,2,1
224,0,0,2,1
225,0,0,2,1
226,0,0,2,1
227,0,0,2,1
228,0,0,2,1
229,0,0,2,1
230,0,0,2,1
231,0,0,2,1
232,0,0,2,1
233,0,0,2,1
234,0,0,2,1
235,0,0,2,1
236,0,0,2,1
237,0,0,2,1
238,0,0,2,1
239,0,0,2,1
240,0,0,2,1
241,0,0,2,1
242,0,0,2,1
243,0,0,2,1
244,0,0,2,1
245,0,0,2,1
246,0,0,2,1
247,0,0,2,1
248,0,0,2,1
249,0,0,2,1
250,0,0,2,1
251,0,0,2,1
252,0,0,2,1
253,0,0,2,1
254,0,0,2,1
255,0,0,2,1
256,0,0,2,1
257,0,0,2,1
258,0,0,2,1
259,0,0,2,1
260,0,0,2,1
261,0,0,2,1
262,0,0,2,1
263,0,0,2,1
264,0,0,2,1
265,0,0,2,1
266,0,0,2,1
267,0,0,2,1
268,0,0,2,1
269,0,0,2,1
270,0,0,2,1
271,0,0,2,1
272,0,0,2,1
273,0,0,2,1
274,0,0,2,1
275,0,0,2,1
276,0,0,2,1
277,0,0,2,1
278,0,0,2,1
279,0,0,2,1
280,0,0,2,1
281,0,0,2,1
282,0,0,2,1
283,0,0,2,1
284,0,0,2,1
285,0,0,2,1
286,0,0,2,1
287,0,0,2,1
288,0,0,2,1
289,0,0,2,1
290,0,0,2,1
291,0,0,2,1
292,0,0,2,1
293,0,0,2,1
294,0,0,2,1
295,0,0,2,1
296,0,0,2,1
297,0,0,2,1
298,0,0,2,1
299,0,0,2,1
300,0,0,2,1
301,0,0,2,1
302,0,0,2,1
303,0,0,2,1
304,0,0,2,1
305,0,0,2,1
306,0,0,2,1
307,0,0,2,1
308,0,0,2,1
309,0,0,2,1
310,0,0,2,1
311,0,0,2,1
312,0,0,2,1
313,0,0,2,1
314,0,0,2,1
315,0,0,2,1
316,0,0,2,1
317,0,0,2,1
318,0,0,2,1
319,0,0,2,1
320,0,0,2,1
321,0,0,2,1
322,0,0,2,1
323,0,0,2,1
324,0,0,2,1
325,0,0,2,1
326,0,0,2,1
327,0,0,2,1
328,0,0,2,1
329,0,0,2,1
330,0,0,2,1
331,0,0,2,1
332,0,0,2,1
333,0,0,2,1
334,0,0,2,1
335,0,0,2,1
336,0,0,2,1
337,0,0,2,1
338,0,0,2,1
339,0,0,2,1
340,0,0,2,1
341,0,0,2,1
342,0,0,2,1
343,0,0,2,1
344,0,0,2,1
345,0,0,2,1
346,0,0,2,1
347,0,0,2,1
348,0,0,2,1
349,0,0,2,1
350,0,0,2,1
351,0,0,2,1
352,0,0,2,1
353,0,0,2,1
354,0,0,2,1
355,0,0,2,1
356,0,0,2,1
357,0,0,2,1
358,0,0,2,1
359,0,0,2,1
360,0,0,2,1
361,0,0,2,1
362,0,0,2,1
363,0,0,2,1
364,0,0,2,1
365,0,0,2,1
366,0,0,2,1
367,0,0,2,1
368,0,0,2,1
369,0,0,2,1
370,0,0,2,1
371,0,0,2,1
372,0,0,2,1
373,0,0,2,1
374,0,0,2,1
375,0,0,2,1
376,0,0,2,1
377,0,0,2,1
378,0,0,2,1
379,0,0,2,1
380,0,0,2,1
381,0,0,2,1
382,0,0,2,1
383,0,0,2,1
384,0,0,2,1
385,0,0,2,1
386,0,0,2,1
387,0,0,2,1
388,0,0,2,1
389,0,0,2,1
390,0,0,2,1
391,0,0,2,1
392,0,0,2,1
393,0,0,2,1
394,0,0,2,1
395,0,0,2,1
396,0,0,2,1
397,0,0,2,1
398,0,0,2,1
399,0,0,2,1
400,0,0,2,1
401,0,0,2,1
402,0,0,2,1
403,0,0,2,1
404,0,0,2,1
405,0,0,2,1
406,0,0,2,1
407,0,0,2,1
408,0,0,2,1
409,0,0,2,1
410,0,0,2,1
411,0,0,2,1
412,0,0,2,1
413,0,0,2,1
414,0,0,2,1
415,0,0,2,1
416,0,0,2,1
417,0,0,2,1
418,0,0,2,1
419,0,0,2,1
420,0,0,2,1
421,0,0,2,1
422,0,0,2,1
423,0,0,2,1
424,0,0,2,1
425,0,0,2,1
426,0,0,2,1
427,0,0,2,1
428,0,0,2,1
429,0,0,2,1
430,0,0,2,1
431,0,0,2,1
432,0,0,2,1
433,0,0,2,1
434,0,0,2,1
435,0,0,2,1
436,0,0,2,1
437,0,0,2,1
438,0,0,2,1
439,0,0,2,1
440,0,0,2,1
441,0,0,2,1
442,0,0,2,1
443,0,0,2,1
444,0,0,2,1
445,0,0,2,1
446,0,0,2,1
447,0,0,2,1
448,0,0,2,1
449,0,0,2,1
450,0,0,2,1
451,0,0,2,1
452,0,0,2,1
453,0,0,2,1
454,0,0,2,1
455,0,0,2,1
456,0,0,2,1
457,0,0,2,1
458,0,0,2,1
459,0,0,2,1
460,0,0,2,1
461,0,0,2,1
462,0,0,2,1
463,0,0,2,1
464,0,0,2,1
465,0,0,2,1
466,0,0,2,1
467,0,0,2,1
468,0,0,2,1
469,0,0,2,1
470,0,0,2,1
471,0,0,2,1
472,0,0,2,1
473,0,0,2,1
474,0,0,2,1
475,0,0,2,1
476,0,0,2,1
477,0,0,2,1
478,0,0,2,1
479,0,0,2,1
480,0,0,2,1
481,0,0,2,1
482,0,0,2,1
483,0,0,2,1
484,0,0,2,1
485,0,0,2,1
486,0,0,2,1
487,0,0,2,1
488,0,0,2,1
489,0,0,2,1
490,0,0,2,1
491,0,0,2,1
492,0,0,2,1
493,0,0,2,1
494,0,0,2,1
495,0,0,2,1
496,0,0,2,1
497,0,0,2,1
498,0,0,2,1
499,0,0,2,1
500,0,0,2,1
501,0,0,2,1
502,0,0,2,1
503,0,0,2,1
504,0,0,2,1
505,0,0,2,1
506,0,0,2,1
507,0,0,2,1
508,0,0,2,1
509,0,0,2,1
510,0,0,2,1
511,0,0,2,1
512,0,0,2,1
513,0,0,2,1
514,0,0,2,1
515,0,0,2,1
516,0,0,2,1
517,0,0,2,1
518,0,0,2,1
519,0,0,2,1
520,0,0,2,1
521,0,0,2,1
522,0,0,2,1
523,0,0,2,1
524,0,0,2,1
525,0,0,2,1
526,0,0,2,1
527,0,0,2,1
528,0,0,2,1
529,0,0,2,1
530,0,0,2,1
531,0,0,2,1
532,0,0,2,1
533,0,0,2,1
534,0,0,2,1
535,0,0,2,1
536,0,0,2,1
537,0,0,2,1
538,0,0,2,1
539,0,0,2,1
540,0,0,2,1
541,0,0,2,1
542,0,0,2,1
543,0,0,2,1
544,0,0,2,1
545,0,0,2,1
546,0,0,2,1
547,0,0,2,1
548,0,0,2,1
549,0,0,2,1
550,0,0,2,1
551,0,0,2,1
552,0,0,2,1
553,0,0,2,1
554,0,0,2,1
555,0,0,2,1
556,0,0,2,1
557,0,0,2,1
558,0,0,2,1
559,0,0,2,1
560,0,0,2,1
561,0,0,2,1
562,0,0,2,1
563,0,0,2,1
564,0,0,2,1
565,0,0,2,1
566,0,0,2,1
567,0,0,2,1
568,0,0,2,1
569,0,0,2,1
570,0,0,2,1
571,0,0,2,1
572,0,0,2,1
573,0,0,2,1
574,0,0,2,1
575,0,0,2,1
576,0,0,2,1
577,0,0,2,1
578,0,0,2,1
579,0,0,2,1
580,0,0,2,1
581,0,0,2,1
582,0,0,2,1
583,0,0,2,1
584,0,0,2,1
585,0,0,2,1
586,0,0,2,1
587,0,0,2,1
588,0,0,2,1
589,0,0,2,1
590,0,0,2,1
591,0,0,2,1
592,0,0,2,1
593,0,0,2,1
594,0,0,2,1
595,0,0,2,1
596,0,0,2,1
597,0,0,2,1
598,0,0,2,1
599,0,0,2,1
600,0,0,2,1
601,0,0,2,1
602,0,0,2,1
603,0,0,2,1
604,0,0,2,1
605,0,0,2,1
606,0,0,2,1
607,0,0,2,1
608,0,0,2,1
609,0,0,2,1
610,0,0,2,1
611,0,0,2,1
612,0,0,2,1
613,0,0,2,1
614,0,0,2,1
615,0,0,2,1
616,0,0,2,1
617,0,0,2,1
618,0,0,2,1
619,0,0,2,1
620,0,0,2,1
621,0,0,2,1
622,0,0,2,1
623,0,0,2,1
624,0,0,2,1
625,0,0,2,1
626,0,0,2,1
627,0,0,2,1
628,0,0,2,1
629,0,0,2,1
630,0,0,2,1
631,0,0,2,1
632,0,0,2,1
633,0,0,2,1
634,0,0,2,1
635,0,0,2,1
636,0,0,2,1
637,0,0,2,1
638,0,0,2,1
639,0,0,2,1
640,0,0,2,1
641,0,0,2,1
642,0,0,2,1
643,0,0,2,1
644,0,0,2,1
645,0,0,2,1
646,0,0,2,1
647,0,0,2,1
648,0,0,2,1
649,0,0,2,1
650,0,0,2,1
651,0,0,2,1
652,0,0,2,1
653,0,0,2,1
654,0,0,2,1
655,0,0,2,1
656,0,0,2,1
657,0,0,2,1
658,0,0,2,1
659,0,0,2,1
660,0,0,2,1
661,0,0,2,1
662,0,0,2,1
663,0,0,2,1
664,0,0,2,1
665,0,0,2,1
666,0,0,2,1
667,0,0,2,1
668,0,0,2,1
669,0,0,2,1
670,0,0,2,1
671,0,0,2,1
672,0,0,2,1
673,0,0,2,1
674,0,0,2,1
675,0,0,2,1
676,0,0,2,1
677,0,0,2,1
678,0,0,2,1
679,0,0,2,1
680,0,0,2,1
681,0,0,2,1
682,0,0,2,1
683,0,0,2,1
684,0,0,2,1
685,0,0,2,1
686,0,0,2,1
687,0,0,2,1
688,0,0,2,1
689,0,0,2,1
690,0,0,2,1
691,0,0,2,1
692,0,0,2,1
693,0,0,2,1
694,0,0,2,1
695,0,0,2,1
696,0,0,2,1
697,0,0,2,1
698,0,0,2,1
699,0,0,2,1
700,0,0,2,1
701,0,0,2,1
702,0,0,2,1
703,0,0,2,1
704,0,0,2,1
705,0,0,2,1
706,0,0,2,1
707,0,0,2,1
708,0,0,2,1
709,0,0,2,1
710,0,0,2,1
711,0,0,2,1
712,0,0,2,1
713,0,0,2,1
714,0,0,2,1
715,0,0,2,1
716,0,0,2,1
717,0,0,2,1
718,0,0,2,1
719,0,0,2,1
720,0,0,2,1
721,0,0,2,1
722,0,0,2,1
723,0,0,2,1
724,0,0,2,1
725,0,0,2,1
726,0,0,2,1
727,0,0,2,1
728,0,0,2,1
729,0,0,2,1
730,0,0,2,1
731,0,0,2,1
732,0,0,2,1
733,0,0,2,1
734,0,0,2,1
735,0,0,2,1
736,0,0,2,1
737,0,0,2,1
738,0,0,2,1
739,0,0,2,1
740,0,0,2,1
741,0,0,2,1
742,0,0,2,1
743,0,0,2,1
744,0,0,2,1
745,0,0,2,1
746,0,0,2,1
747,0,0,2,1
748,0,0,2,1
749,0,0,2,1
750,0,0,2,1
751,0,0,2,1
752,0,0,2,1
753,0,0,2,1
754,0,0,2,1
755,0,0,2,1
756,0,0,2,1
757,0,0,2,1
758,0,0,2,1
759,0,0,2,1
760,0,0,2,1
761,0,0,2,1
762,0,0,2,1
763,0,0,2,1
764,0,0,2,1
765,0,0,2,1
766,0,0,2,1
767,0,0,2,1
768,0,0,2,1
769,0,0,2,1
770,0,0,2,1
771,0,0,2,1
772,0,0,2,1
773,0,0,2,1
774,0,0,2,1
775,0,0,2,1
776,0,0,2,1
777,0,0,2,1
778,0,0,2,1
779,0,0,2,1
780,0,0,2,1
781,0,0,2,1
782,0,0,2,1
783,0,0,2,1
784,0,0,2,1
785,0,0,2,1
786,0,0,2,1
787,0,0,2,1
788,0,0,2,1
789,0,0,2,1
790,0,0,2,1
791,0,0,2,1
792,0,0,2,1
793,0,0,2,1
794,0,0,2,1
795,0,0,2,1
796,0,0,2,1
797,0,0,2,1
798,0,0,2,1
799,0,0,2,1
800,0,0,2,1
801,0,0,2,1
802,0,0,2,1
803,0,0,2,1
804,0,0,2,1
805,0,0,2,1
806,0,0,2,1
807,0,0,2,1
808,0,0,2,1
809,0,0,2,1
810,0,0,2,1
811,0,0,2,1
812,0,0,2,1
813,0,0,2,1
814,0,0,2,1
815,0,0,2,1
816,0,0,2,1
817,0,0,2,1
818,0,0,2,1
819,0,0,2,1
820,0,0,2,1
821,0,0,2,1
822,0,0,2,1
823,0,0,2,1
824,0,0,2,1
825,0,0,2,1
826,0,0,2,1
827,0,0,2,1
828,0,0,2,1
829,0,0,2,1
830,0,0,2,1
831,0,0,2,1
832,0,0,2,1
833,0,0,2,1
834,0,0,2,1
835,0,0,2,1
836,0,0,2,1
837,0,0,2,1
838,0,0,2,1
839,0,0,2,1
840,0,0,2,1
841,0,0,2,1
842,0,0,2,1
843,0,0,2,1
844,0,0,2,1
845,0,0,2,1
846,0,0,2,1
847,0,0,2,1
848,0,0,2,1
849,0,0,2,1
850,0,0,2,1
851,0,0,2,1
852,0,0,2,1
853,0,0,2,1
854,0,0,2,1
855,0,0,2,1
856,0,0,2,1
857,0,0,2,1
858,0,0,2,1
859,0,0,2,1
860,0,0,2,1
861,0,0,2,1
862,0,0,2,1
863,0,0,2,1
864,0,0,2,1
865,0,0,2,1
866,0,0,2,1
867,0,0,2,1
868,0,0,2,1
869,0,0,2,1
870,0,0,2,1
871,0,0,2,1
872,0,0,2,1
873,0,0,2,1
874,0,0,2,1
875,0,0,2,1
876,0,0,2,1
877,0,0,2,1
878,0,0,2,1
879,0,0,2,1
880,0,0,2,1
881,0,0,2,1
882,0,0,2,1
883,0,0,2,1
884,0,0,2,1
885,0,0,2,1
886,0,0,2,1
887,0,0,2,1
888,0,0,2,1
889,0,0,2,1
890,0,0,2,1
891,0,0,2,1
892,0,0,2,1
893,0,0,2,1
894,0,0,2,1
895,0,0,2,1
896,0,0,2,1
897,0,0,2,1
898,0,0,2,1
899,0,0,2,1
900,0,0,2,1
901,0,0,2,1
902,0,0,2,1
903,0,0,2,1
904,0,0,2,1
905,0,0,2,1
906,0,0,2,1
907,0,0,2,1
908,0,0,2,1
909,0,0,2,1
910,0,0,2,1
911,0,0,2,1
912,0,0,2,1
913,0,0,2,1
914,0,0,2,1
915,0,0,2,1
916,0,0,2,1
917,0,0,2,1
918,0,0,2,1
919,0,0,2,1
920,0,0,2,1
921,0,0,2,1
922,0,0,2,1
923,0,0,2,1
924,0,0,2,1
925,0,0,2,1
926,0,0,2,1
927,0,0,2,1
928,0,0,2,1
929,0,0,2,1
930,0,0,2,1
931,0,0,2,1
932,0,0,2,1
933,0,0,2,1
934,0,0,2,1
935,0,0,2,1
936,0,0,2,1
937,0,0,2,1
938,0,0,2,1
939,0,0,2,1
940,0,0,2,1
941,0,0,2,1
942,0,0,2,1
943,0,0,2,1
944,0,0,2,1
945,0,0,2,1
946,0,0,2,1
947,0,0,2,1
948,0,0,2,1
949,0,0,2,1
950,0,0,2,1
951,0,0,2,1
952,0,0,2,1
953,0,0,2,1
954,0,0,2,1
955,0,0,2,1
956,0,0,2,1
957,0,0,2,1
958,0,0,2,1
959,0,0,2,1
960,0,0,2,1
961,0,0,2,1
962,0,0,2,1
963,0,0,2,1
964,0,0,2,1
965,0,0,2,1
966,0,0,2,1
967,0,0,2,1
968,0,0,2,1
969,0,0,2,1
970,0,0,2,1
971,0,0,2,1
972,0,0,2,1
973,0,0,2,1
974,0,0,2,1
975,0,0,2,1
976,0,0,2,1
977,0,0,2,1
978,0,0,2,1
979,0,0,2,1
980,0,0,2,1
981,0,0,2,1
982,0,0,2,1
983,0,0,2,1
984,0,0,2,1
985,0,0,2,1
986,0,0,2,1
987,0,0,2,1
988,0,0,2,1
989,0,0,2,1
990,0,0,2,1
991,0,0,2,1
992,0,0,2,1
993,0,0,2,1
994,0,0,2,1
995,0,0,2,1
996,0,0,2,1
997,0,0,2,1
998,0,0,2,1
999,0,0,2,1
1000,0,0,2,1
1001,0,0,2,1
1002,0,0,2,1
1003,0,0,2,1
1004,0,0,2,1
1005,0,0,2,1
1006,0,0,2,1
1007,0,0,2,1
1008,0,0,2,1
1009,0,0,2,1
1010,0,0,2,1
1011,0,0,2,1
1012,0,0,2,1
1013,0,0,2,1
1014,0,0,2,1
1015,0,0,2,1
1016,0,0,2,1
1017,0,0,2,1
1018,0,0,2,1
1019,0,0,2,1
1020,0,0,2,1
1021,0,0,2,1
1022,0,0,2,1
1023,0,0,2,1
1024,0,0,2,1
1025,0,0,2,1
1026,0,0,2,1
1027,0,0,2,1
1028,0,0,2,1
1029,0,0,2,1
1030,0,0,2,1
1031,0,0,2,1
1032,0,0,2,1
1033,0,0,2,1
1034,0,0,2,1
1035,0,0,2,1
1036,0,0,2,1
1037,0,0,2,1
1038,0,0,2,1
1039,0,0,2,1
1040,0,0,2,1
1041,0,0,2,1
1042,0,0,2,1
1043,0,0,2,1
1044,0,0,2,1
1045,0,0,2,1
1046,0,0,2,1
1047,0,0,2,1
1048,0,0,2,1
1049,0,0,2,1
1050,0,0,2,1
1051,0,0,2,1
1052,0,0,2,1
1053,0,0,2,1
1054,0,0,2,1
1055,0,0,2,1
1056,0,0,2,1
1057,0,0,2,1
1058,0,0,2,1
1059,0,0,2,1
1060,0,0,2,1
1061,0,0,2,1
1062,0,0,2,1
1063,0,0,2,1
1064,0,0,2,1
1065,0,0,2,1
1066,0,0,2,1
1067,0,0,2,1
1068,0,0,2,1
1069,0,0,2,1
1070,0,0,2,1
1071,0,0,2,1
1072,0,0,2,1
1073,0,0,2,1
1074,0,0,2,1
1075,0,0,2,1
1076,0,0,2,1
1077,0,0,2,1
1078,0,0,2,1
1079,0,0,2,1
1080,0,0,2,1
1081,0,0,2,1
1082,0,0,2,1
1083,0,0,2,1
1084,0,0,2,1
1085,0,0,2,1
1086,0,0,2,1
1087,0,0,2,1
1088,0,0,2,1
1089,0,0,2,1
1090,0,0,2,1
1091,0,0,2,1
1092,0,0,2,1
1093,0,0,2,1
1094,0,0,2,1
1095,0,0,2,1
1096,0,0,2,1
1097,0,0,2,1
1098,0,0,2,1
1099,0,0,2,1
1100,0,0,2,1
1101,0,0,2,1
1102,0,0,2,1
1103,0,0,2,1
1104,0,0,2,1
1105,0,0,2,1
1106,0,0,2,1
1107,0,0,2,1
1108,0,0,2,1
1109,0,0,2,1
1110,0,0,2,1
1111,0,0,2,1
1112,0,0,2,1
1113,0,0,2,1
1114,0,0,2,1
1115,0,0,2,1
1116,0,0,2,1
1117,0,0,2,1
1118,0,0,2,1
1119,0,0,2,1
1120,0,0,2,1
1121,0,0,2,1
1122,0,0,2,1
1123,0,0,2,1
1124,0,0,2,1
1125,0,0,2,1
1126,0,0,2,1
1127,0,0,2,1
1128,0,0,2,1
1129,0,0,2,1
1130,0,0,2,1
1131,0,0,2,1
1132,0,0,2,1
1133,0,0,2,1
1134,0,0,2,1
1135,0,0,2,1
1136,0,0,2,1
1137,0,0,2,1
1138,0,0,2,1
1139,0,0,2,1
1140,0,0,2,1
1141,0,0,2,1
1142,0,0,2,1
1143,0,0,2,1
1144,0,0,2,1
1145,0,0,2,1
1146,0,0,2,1
1147,0,0,2,1
1148,0,0,2,1
1149,0,0,2,1
1150,0,0,2,1
1151,0,0,2,1
1152,0,0,2,1
1153,0,0,2,1
1154,0,0,2,1
1155,0,0,2,1
1156,0,0,2,1
1157,0,0,2,1
1158,0,0,2,1
1159,0,0,2,1
1160,0,0,2,1
1161,0,0,2,1
1162,0,0,2,1
1163,0,0,2,1
1164,0,0,2,1
1165,0,0,2,1
1166,0,0,2,1
1167,0,0,2,1
1168,0,0,2,1
1169,0,0,2,1
1170,0,0,2,1
1171,0,0,2,1
1172,0,0,2,1
1173,0,0,2,1
1174,0,0,2,1
1175,0,0,2,1
1176,0,0,2,1
1177,0,0,2,1
1178,0,0,2,1
1179,0,0,2,1
1180,0,0,2,1
1181,0,0,2,1
1182,0,0,2,1
1183,0,0,2,1
1184,0,0,2,1
1185,0,0,2,1
1186,0,0,2,1
1187,0,0,2,1
1188,0,0,2,1
1189,0,0,2,1
1190,0,0,2,1
1191,0,0,2,1
1192,0,0,2,1
1193,0,0,2,1
1194,0,0,2,1
1195,0,0,2,1
1196,0,0,2,1
1197,0,0,2,1
1198,0,0,2,1
1199,0,0,2,1
1200,0,0,2,1
1201,0,0,2,1
1202,0,0,2,1
1203,0,0,2,1
1204,0,0,2,1
1205,0,0,2,1
1206,0,0,2,1
1207,0,0,2,1
1208,0,0,2,1
1209,0,0,2,1
1210,0,0,2,1
1211,0,0,2,1
1212,0,0,2,1
1213,0,0,2,1
1214,0,0,2,1
1215,0,0,2,1
1216,0,0,2,1
1217,0,0,2,1
1218,0,0,2,1
1219,0,0,2,1
1220,0,0,2,1
1221,0,0,2,1
1222,0,0,2,1
1223,0,0,2,1
1224,0,0,2,1
1225,0,0,2,1
1226,0,0,2,1
1227,0,0,2,1
1228,0,0,2,1
1229,0,0,2,1
1230,0,0,2,1
1231,0,0,2,1
1232,0,0,2,1
1233,0,0,2,1
1234,0,0,2,1
1235,0,0,2,1
1236,0,0,2,1
1237,0,0,2,1
1238,0,0,2,1
1239,0,0,2,1
1240,0,0,2,1
1241,0,0,2,1
1242,0,0,2,1
1243,0,0,2,1
1244,0,0,2,1
1245,0,0,2,1
1246,0,0,2,1
1247,0,0,2,1
1248,0,0,2,1
1249,0,0,2,1
1250,0,0,2,1
1251,0,0,2,1
1252,0,0,2,1
1253,0,0,2,1
1254,0,0,2,1
1255,0,0,2,1
1256,0,0,2,1
1257,0,0,2,1
1258,0,0,2,1
1259,0,0,2,1
1260,0,0,2,1
1261,0,0,2,1
1262,0,0,2,1
1263,0,0,2,1
1264,0,0,2,1
1265,0,0,2,1
1266,0,0,2,1
1267,0,0,2,1
1268,0,0,2,1
1269,0,0,2,1
1270,0,0,2,1
1271,0,0,2,1
1272,0,0,2,1
1273,0,0,2,1
1274,0,0,2,1
1275,0,0,2,1
1276,0,0,2,1
1277,0,0,2,1
1278,0,0,2,1
1279,0,0,2,1
1280,0,0,2,1
1281,0,0,2,1
1282,0,0,2,1
1283,0,0,2,1
1284,0,0,2,1
1285,0,0,2,1
1286,0,0,2,1
1287,0,0,2,1
1288,0,0,2,1
1289,0,0,2,1
1290,0,0,2,1
1291,0,0,2,1
1292,0,0,2,1
1293,0,0,2,1
1294,0,0,2,1
1295,0,0,2,1
1296,0,0,2,1
1297,0,0,2,1
1298,0,0,2,1
1299,0,0,2,1
1300,0,0,2,1
1301,0,0,2,1
1302,0,0,2,1
1303,0,0,2,1
1304,0,0,2,1
1305,0,0,2,1
1306,0,0,2,1
1307,0,0,2,1
1308,0,0,2,1
1309,0,0,2,1
1310,0,0,2,1
1311,0,0,2,1
1312,0,0,2,1
1313,0,0,2,1
1314,0,0,2,1
1315,0,0,2,1
1316,0,0,2,1
1317,0,0,2,1
1318,0,0,2,1
1319,0,0,2,1
1320,0,0,2,1
1321,0,0,2,1
1322,0,0,2,1
1323,0,0,2,1
1324,0,0,2,1
1325,0,0,2,1
1326,0,0,2,1
1327,0,0,2,1
1328,0,0,2,1
1329,0,0,2,1
1330,0,0,2,1
1331,0,0,2,1
1332,0,0,2,1
1333,0,0,2,1
1334,0,0,2,1
1335,0,0,2,1
1336,0,0,2,1
1337,0,0,2,1
1338,0,0,2,1
1339,0,0,2,1
1340,0,0,2,1
1341,0,0,2,1
1342,0,0,2,1
1343,0,0,2,1
1344,0,0,2,1
1345,0,0,2,1
1346,0,0,2,1
1347,0,0,2,1
1348,0,0,2,1
1349,0,0,2,1
1350,0,0,2,1
1351,0,0,2,1
1352,0,0,2,1
1353,0,0,2,1
1354,0,0,2,1
1355,0,0,2,1
1356,0,0,2,1
1357,0,0,2,1
1358,0,0,2,1
1359,0,0,2,1
1360,0,0,2,1
1361,0,0,2,1
1362,0,0,2,1
1363,0,0,2,1
1364,0,0,2,1
1365,0,0,2,1
1366,0,0,2,1
1367,0,0,2,1
1368,0,0,2,1
1369,0,0,2,1
1370,0,0,2,1
1371,0,0,2,1
1372,0,0,2,1
1373,0,0,2,1
1374,0,0,2,1
1375,0,0,2,1
1376,0,0,2,1
1377,0,0,2,1
1378,0,0,2,1
1379,0,0,2,1
1380,0,0,2,1
1381,0,0,2,1
1382,0,0,2,1
1383,0,0,2,1
1384,0,0,2,1
1385,0,0,2,1
1386,0,0,2,1
1387,0,0,2,1
1388,0,0,2,1
1389,0,0,2,1
1390,0,0,2,1
1391,0,0,2,1
1392,0,0,2,1
1393,0,0,2,1
1394,0,0,2,1
1395,0,0,2,1
1396,0,0,2,1
1397,0,0,2,1
1398,0,0,2,1
1399,0,0,2,1
1400,0,0,2,1
1401,0,0,2,1
1402,0,0,2,1
1403,0,0,2,1
1404,0,0,2,1
1405,0,0,2,1
1406,0,0,2,1
1407,0,0,2,1
1408,0,0,2,1
1409,0,0,2,1
1410,0,0,2,1
1411,0,0,2,1
1412,0,0,2,1
1413,0,0,2,1
1414,0,0,2,1
1415,0,0,2,1
1416,0,0,2,1
1417,0,0,2,1
1418,0,0,2,1
1419,0,0,2,1
1420,0,0,2,1
1421,0,0,2,1
1422,0,0,2,1
1423,0,0,2,1
1424,0,0,2,1
1425,0,0,2,1
1426,0,0,2,1
1427,0,0,2,1
1428,0,0,2,1
1429,0,0,2,1
1430,0,0,2,1
1431,0,0,2,1
1432,0,0,2,1
1433,0,0,2,1
1434,0,0,2,1
1435,0,0,2,1
1436,0,0,2,1
1437,0,0,2,1
1438,0,0,2,1
1439,0,0,2,1
1440,0,0,2,1
1441,0,0,2,1
1442,0,0,2,1
1443,0,0,2,1
1444,0,0,2,1
1445,0,0,2,1
1446,0,0,2,1
1447,0,0,2,1
1448,0,0,2,1
1449,0,0,2,1
1450,0,0,2,1
1451,0,0,2,1
1452,0,0,2,1
1453,0,0,2,1
1454,0,0,2,1
1455,0,0,2,1
1456,0,0,2,1
1457,0,0,2,1
1458,0,0,2,1
1459,0,0,2,1
1460,0,0,2,1
1461,0,0,2,1
1462,0,0,2,1
1463,0,0,2,1
1464,0,0,2,1
1465,0,0,2,1
1466,0,0,2,1
1467,0,0,2,1
1468,0,0,2,1
1469,0,0,2,1
1470,0,0,2,1
1471,0,0,2,1
1472,0,0,2,1
1473,0,0,2,1
1474,0,0,2,1
1475,0,0,2,1
1476,0,0,2,1
1477,0,0,2,1
1478,0,0,2,1
1479,0,0,2,1
1480,0,0,2,1
1481,0,0,2,1
1482,0,0,2,1
1483,0,0,2,1
1484,0,0,2,1
1485,0,0,2,1
1486,0,0,2,1
1487,0,0,2,1
1488,0,0,2,1
1489,0,0,2,1
1490,0,0,2,1
1491,0,0,2,1
1492,0,0,2,1
1493,0,0,2,1
1494,0,0,2,1
1495,0,0,2,1
1496,0,0,2,1
1497,0,0,2,1
1498,0,0,2,1
1499,0,0,2,1
1500,0,0,2,1
1501,0,0,2,1
1502,0,0,2,1
1503,0,0,2,1
1504,0,0,2,1
1505,0,0,2,1
1506,0,0,2,1
1507,0,0,2,1
1508,0,0,2,1
1509,0,0,2,1
1510,0,0,2,1
1511,0,0,2,1
1512,0,0,2,1
1513,0,0,2,1
1514,0,0,2,1
1515,0,0,2,1
1516,0,0,2,1
1517,0,0,2,1
1518,0,0,2,1
1519,0,0,2,1
1520,0,0,2,1
1521,0,0,2,1
1522,0,0,2,1
1523,0,0,2,1
1524,0,0,2,1
1525,0,0,2,1
1526,0,0,2,1
1527,0,0,2,1
1528,0,0,2,1
1529,0,0,2,1
1530,0,0,2,1
1531,0,0,2,1
1532,0,0,2,1
1533,0,0,2,1
1534,0,0,2,1
1535,0,0,2,1
1536,0,0,2,1
1537,0,0,2,1
1538,0,0,2,1
1539,0,0,2,1
1540,0,0,2,1
1541,0,0,2,1
1542,0,0,2,1
1543,0,0,2,1
1544,0,0,2,1
1545,0,0,2,1
1546,0,0,2,1
1547,0,0,2,1
1548,0,0,2,1
1549,0,0,2,1
1550,0,0,2,1
1551,0,0,2,1
1552,0,0,2,1
1553,0,0,2,1
1554,0,0,2,1
1555,0,0,2,1
1556,0,0,2,1
1557,0,0,2,1
1558,0,0,2,1
1559,0,0,2,1
1560,0,0,2,1
1561,0,0,2,1
1562,0,0,2,1
1563,0,0,2,1
1564,0,0,2,1
1565,0,0,2,1
1566,0,0,2,1
1567,0,0,2,1
1568,0,0,2,1
1569,0,0,2,1
1570,0,0,2,1
1571,0,0,2,1
1572,0,0,2,1
1573,0,0,2,1
1574,0,0,2,1
1575,0,0,2,1
1576,0,0,2,1
1577,0,0,2,1
1578,0,0,2,1
1579,0,0,2,1
1580,0,0,2,1
1581,0,0,2,1
1582,0,0,2,1
1583,0,0,2,1
1584,0,0,2,1
1585,0,0,2,1
1586,0,0,2,1
1587,0,0,2,1
1588,0,0,2,1
1589,0,0,2,1
1590,0,0,2,1
1591,0,0,2,1
1592,0,0,2,1
1593,0,0,2,1
1594,0,0,2,1
1595,0,0,2,1
1596,0,0,2,1
1597,0,0,2,1
1598,0,0,2,1
1599,0,0,2,1
1600,0,0,2,1
1601,0,0,2,1
1602,0,0,2,1
1603,0,0,2,1
1604,0,0,2,1
1605,0,0,2,1
1606,0,0,2,1
1607,0,0,2,1
1608,0,0,2,1
1609,0,0,2,1
1610,0,0,2,1
1611,0,0,2,1
1612,0,0,2,1
1613,0,0,2,1
1614,0,0,2,1
1615,0,0,2,1
1616,0,0,2,1
1617,0,0,2,1
1618,0,0,2,1
1619,0,0,2,1
1620,0,0,2,1
1621,0,0,2,1
1622,0,0,2,1
1623,0,0,2,1
1624,0,0,2,1
1625,0,0,2,1
1626,0,0,2,1
1627,0,0,2,1
1628,0,0,2,1
1629,0,0,2,1
1630,0,0,2,1
1631,0,0,2,1
1632,0,0,2,1
1633,0,0,2,1
1634,0,0,2,1
1635,0,0,2,1
1636,0,0,2,1
1637,0,0,2,1
1638,0,0,2,1
1639,0,0,2,1
1640,0,0,2,1
1641,0,0,2,1
1642,0,0,2,1
1643,0,0,2,1
1644,0,0,2,1
1645,0,0,2,1
1646,0,0,2,1
1647,0,0,2,1
1648,0,0,2,1
1649,0,0,2,1
1650,0,0,2,1
1651,0,0,2,1
1652,0,0,2,1
1653,0,0,2,1
1654,0,0,2,1
1655,0,0,2,1
1656,0,0,2,1
1657,0,0,2,1
1658,0,0,2,1
1659,0,0,2,1
1660,0,0,2,1
1661,0,0,2,1
1662,0,0,2,1
1663,0,0,2,1
1664,0,0,2,1
1665,0,0,2,1
1666,0,0,2,1
1667,0,0,2,1
1668,0,0,2,1
1669,0,0,2,1
1670,0,0,2,1
1671,0,0,2,1
1672,0,0,2,1
1673,0,0,2,1
1674,0,0,2,1
1675,0,0,2,1
1676,0,0,2,1
1677,0,0,2,1
1678,0,0,2,1
1679,0,0,2,1
1680,0,0,2,1
1681,0,0,2,1
1682,0,0,2,1
1683,0,0,2,1
1684,0,0,2,1
1685,0,0,2,1
1686,0,0,2,1
1687,0,0,2,1
1688,0,0,2,1
1689,0,0,2,1
1690,0,0,2,1
1691,0,0,2,1
1692,0,0,2,1
1693,0,0,2,1
1694,0,0,2,1
1695,0,0,2,1
1696,0,0,2,1
1697,0,0,2,1
1698,0,0,2,1
1699,0,0,2,1
1700,0,0,2,1
1701,0,0,2,1
1702,0,0,2,1
1703,0,0,2,1
1704,0,0,2,1
1705,0,0,2,1
1706,0,0,2,1
1707,0,0,2,1
1708,0,0,2,1
1709,0,0,2,1
1710,0,0,2,1
1711,0,0,2,1
1712,0,0,2,1
1713,0,0,2,1
1714,0,0,2,1
1715,0,0,2,1
1716,0,0,2,1
1717,0,0,2,1
1718,0,0,2,1
1719,0,0,2,1
1720,0,0,2,1
1721,0,0,2,1
1722,0,0,2,1
1723,0,0,2,1
1724,0,0,2,1
1725,0,0,2,1
1726,0,0,2,1
1727,0,0,2,1
1728,0,0,2,1
1729,0,0,2,1
1730,0,0,2,1
1731,0,0,2,1
1732,0,0,2,1
1733,0,0,2,1
1734,0,0,2,1
1735,0,0,2,1
1736,0,0,2,1
1737,0,0,2,1
1738,0,0,2,1
1739,0,0,2,1
1740,0,0,2,1
1741,0,0,2,1
1742,0,0,2,1
1743,0,0,2,1
1744,0,0,2,1
1745,0,0,2,1
1746,0,0,2,1
1747,0,0,2,1
1748,0,0,2,1
1749,0,0,2,1
1750,0,0,2,1
1751,0,0,2,1
1752,0,0,2,1
1753,0,0,2,1
1754,0,0,2,1
1755,0,0,2,1
1756,0,0,2,1
1757,0,0,2,1
1758,0,0,2,1
1759,0,0,2,1
1760,0,0,2,1
1761,0,0,2,1
1762,0,0,2,1
1763,0,0,2,1
1764,0,0,2,1
1765,0,0,2,1
1766,0,0,2,1
1767,0,0,2,1
1768,0,0,2,1
1769,0,0,2,1
1770,0,0,2,1
1771,0,0,2,1
1772,0,0,2,1
1773,0,0,2,1
1774,0,0,2,1
1775,0,0,2,1
1776,0,0,2,1
1777,0,0,2,1
1778,0,0,2,1
1779,0,0,2,1
1780,0,0,2,1
1781,0,0,2,1
1782,0,0,2,1
1783,0,0,2,1
1784,0,0,2,1
1785,0,0,2,1
1786,0,0,2,1
1787,0,0,2,1
1788,0,0,2,1
1789,0,0,2,1
1790,0,0,2,1
1791,0,0,2,1
1792,0,0,2,1
1793,0,0,2,1
1794,0,0,2,1
1795,0,0,2,1
1796,0,0,2,1
1797,0,0,2,1
1798,0,0,2,1
1799,0,0,2,1
1800,0,0,2,1
1801,0,0,2,1
1802,0,0,2,1
1803,0,0,2,1
1804,0,0,2,1
1805,0,0,2,1
1806,0,0,2,1
1807,0,0,2,1
1808,0,0,2,1
1809,0,0,2,1
1810,0,0,2,1
1811,0,0,2,1
1812,0,0,2,1
1813,0,0,2,1
1814,0,0,2,1
1815,0,0,2,1
1816,0,0,2,1
1817,0,0,2,1
1818,0,0,2,1
1819,0,0,2,1
1820,0,0,2,1
1821,0,0,2,1
1822,0,0,2,1
1823,0,0,2,1
1824,0,0,2,1
1825,0,0,2,1
1826,0,0,2,1
1827,0,0,2,1
1828,0,0,2,1
1829,0,0,2,1
1830,0,0,2,1
1831,0,0,2,1
1832,0,0,2,1
1833,0,0,2,1
1834,0,0,2,1
1835,0,0,2,1
1836,0,0,2,1
1837,0,0,2,1
1838,0,0,2,1
1839,0,0,2,1
1840,0,0,2,1
1841,0,0,2,1
1842,0,0,2,1
1843,0,0,2,1
1844,0,0,2,1
1845,0,0,2,1
1846,0,0,2,1
1847,0,0,2,1
1848,0,0,2,1
1849,0,0,2,1
1850,0,0,2,1
1851,0,0,2,1
1852,0,0,2,1
1853,0,0,2,1
1854,0,0,2,1
1855,0,0,2,1
1856,0,0,2,1
1857,0,0,2,1
1858,0,0,2,1
1859,0,0,2,1
1860,0,0,2,1
1861,0,0,2,1
1862,0,0,2,1
1863,0,0,2,1
1864,0,0,2,1
1865,0,0,2,1
1866,0,0,2,1
1867,0,0,2,1
1868,0,0,2,1
1869,0,0,2,1
1870,0,0,2,1
1871,0,0,2,1
1872,0,0,2,1
1873,0,0,2,1
1874,0,0,2,1
1875,0,0,2,1
1876,0,0,2,1
1877,0,0,2,1
1878,0,0,2,1
1879,0,0,2,1
1880,0,0,2,1
1881,0,0,2,1
1882,0,0,2,1
1883,0,0,2,1
1884,0,0,2,1
1885,0,0,2,1
1886,0,0,2,1
1887,0,0,2,1
1888,0,0,2,1
1889,0,0,2,1
1890,0,0,2,1
1891,0,0,2,1
1892,0,0,2,1
1893,0,0,2,1
1894,0,0,2,1
1895,0,0,2,1
1896,0,0,2,1
1897,0,0,2,1
1898,0,0,2,1
1899,0,0,2,1
1900,0,0,2,1
1901,0,0,2,1
1902,0,0,2,1
1903,0,0,2,1
1904,0,0,2,1
1905,0,0,2,1
1906,0,0,2,1
1907,0,0,2,1
1908,0,0,2,1
1909,0,0,2,1
1910,0,0,2,1
1911,0,0,2,1
1912,0,0,2,1
1913,0,0,2,1
1914,0,0,2,1
1915,0,0,2,1
1916,0,0,2,1
1917,0,0,2,1
1918,0,0,2,1
1919,0,0,2,1
1920,0,0,2,1
1921,0,0,2,1
1922,0,0,2,1
1923,0,0,2,1
1924,0,0,2,1
1925,0,0,2,1
1926,0,0,2,1
1927,0,0,2,1
1928,0,0,2,1
1929,0,0,2,1
1930,0,0,2,1
1931,0,0,2,1
1932,0,0,2,1
1933,0,0,2,1
1934,0,0,2,1
1935,0,0,2,1
1936,0,0,2,1
1937,0,0,2,1
1938,0,0,2,1
1939,0,0,2,1
1940,0,0,2,1
1941,0,0,2,1
1942,0,0,2,1
1943,0,0,2,1
1944,0,0,2,1
1945,0,0,2,1
1946,0,0,2,1
1947,0,0,2,1
1948,0,0,2,1
1949,0,0,2,1
1950,0,0,2,1
1951,0,0,2,1
1952,0,0,2,1
1953,0,0,2,1
1954,0,0,2,1
1955,0,0,2,1
1956,0,0,2,1
1957,0,0,2,1
1958,0,0,2,1
1959,0,0,2,1
1960,0,0,2,1
1961,0,0,2,1
1962,0,0,2,1
1963,0,0,2,1
1964,0,0,2,1
1965,0,0,2,1
1966,0,0,2,1
1967,0,0,2,1
1968,0,0,2,1
1969,0,0,2,1
1970,0,0,2,1
1971,0,0,2,1
1972,0,0,2,1
1973,0,0,2,1
1974,0,0,2,1
1975,0,0,2,1
1976,0,0,2,1
1977,0,0,2,1
1978,0,0,2,1
1979,0,0,2,1
1980,0,0,2,1
1981,0,0,2,1
1982,0,0,2,1
1983,0,0,2,1
1984,0,0,2,1
1985,0,0,2,1
1986,0,0,2,1
1987,0,0,2,1
1988,0,0,2,1
1989,0,0,2,1
1990,0,0,2,1
1991,0,0,2,1
1992,0,0,2,1
1993,0,0,2,1
1994,0,0,2,1
1995,0,0,2,1
1996,0,0,2,1
1997,0,0,2,1
1998,0,0,2,1
1999,0,0,2,1
2000,1,1,2,1
2001,1,1,2,1
2002,1,1,3,1
2003,1,1,2,1
2004,1,1,2,1
2005,1,1,2,1
2006,1,1,3,1
2007,1,0,3,0
2008,1,1,2,1
2009,1,1,2,1
2010,1,1,2,1
2011,1,1,3,1
2012,1,1,2,1
2013,1,1,2,1
2014,1,1,2,1
2015,1,1,2,1
2016,1,1,2,1
2017,1,0,2,0
2018,1,1,6,1
2019,1,1,2,1
2020,1,1,3,1
2021,1,1,2,1
2022,1,1,2,1
2023,1,1,2,1
2024,1,1,2,1
2025,1,1,6,1
2026,1,1,3,1
2027,1,1,2,1
2028,1,1,2,1
2029,1,0,2,0
2030,1,1,2,1
2031,1,1,2,1
2032,1,1,2,1
2033,1,1,2,1
2034,1,1,2,1
2035,1,1,3,1
2036,1,1,3,1
2037,1,1,3,1
2038,1,1,2,1
2039,1,1,2,1
2040,1,0,3,0
2041,1,1,2,1
2042,1,1,2,1
2043,1,1,2,1
2044,1,1,2,1
2045,1,1,2,1
2046,1,1,9,1
2047,1,1,2,1
2048,1,0,2,0
2049,1,0,2,0
2050,1,1,2,1
2051,1,1,2,1
2052,1,1,4,1
2053,1,1,3,1
2054,1,1,4,1
2055,1,1,2,1
2056,1,1,2,1
2057,1,1,2,1
2058,1,1,2,1
2059,1,1,3,1
2060,1,1,2,1
2061,1,1,3,1
2062,1,0,3,0
2063,1,1,3,1
2064,1,0,2,0
2065,1,1,3,1
2066,1,1,2,1
2067,1,1,2,1
2068,1,0,2,0
2069,1,1,2,1
2070,1,1,6,1
2071,1,1,2,1
2072,1,1,2,1
2073,1,1,3,1
2074,1,1,2,1
2075,1,1,2,1
2076,1,1,3,1
2077,1,1,2,1
2078,1,1,2,1
2079,1,1,2,1
2080,1,1,2,1
2081,1,1,3,1
2082,1,1,2,1
2083,1,1,3,1
2084,1,1,2,1
2085,1,1,2,1
2086,1,1,2,1
2087,1,1,3,1
2088,1,1,3,1
2089,1,1,2,1
2090,1,1,2,1
2091,1,1,2,1
2092,1,1,2,1
2093,1,1,2,1
2094,1,1,2,1
2095,1,0,2,0
2096,1,1,2,1
2097,1,1,2,1
2098,1,1,2,1
2099,1,1,2,1
2100,1,1,2,1
2101,1,1,2,1
2102,1,1,3,1
2103,1,1,2,1
2104,1,1,2,1
2105,1,1,2,1
2106,1,0,2,0
2107,1,1,2,1
2108,1,1,2,1
2109,1,1,2,1
2110,1,1,3,1
2111,1,1,3,1
2112,1,1,2,1
2113,1,1,2,1
2114,1,1,2,1
2115,1,1,3,1
2116,1,1,2,1
2117,1,1,2,1
2118,1,1,2,1
2119,1,1,2,1
2120,1,1,3,1
2121,1,1,3,1
2122,1,1,4,1
2123,1,1,2,1
2124,1,1,2,1
2125,1,1,2,1
2126,1,1,2,1
2127,1,1,2,1
2128,1,1,2,1
2129,1,1,3,1
2130,1,0,2,0
2131,1,1,2,1
2132,1,1,2,1
2133,1,0,2,0
2134,1,1,2,1
2135,1,1,2,1
2136,1,1,2,1
2137,1,0,2,0
2138,1,1,3,1
2139,1,1,3,1
2140,1,1,2,1
2141,1,1,2,1
2142,1,1,3,1
2143,1,1,2,1
2144,1,1,2,1
2145,1,1,3,1
2146,1,1,2,1
2147,1,1,3,1
2148,1,1,4,1
2149,1,1,3,1
2150,1,1,4,1
2151,1,1,3,1
2152,1,1,2,1
2153,1,1,4,1
2154,1,1,3,1
2155,1,1,2,1
2156,1,0,2,0
2157,1,1,2,1
2158,1,1,2,1
2159,1,1,2,1
2160,1,1,2,1
2161,1,1,2,1
2162,1,1,2,1
2163,1,1,3,1
2164,1,1,2,1
2165,1,1,2,1
2166,1,0,2,0
2167,1,1,2,1
2168,1,1,2,1
2169,1,1,2,1
2170,1,0,2,0
2171,1,1,3,1
2172,1,1,3,1
2173,1,1,2,1
2174,1,1,2,1
2175,1,1,2,1
2176,1,1,2,1
2177,1,1,2,1
2178,1,1,3,1
2179,1,1,2,1
2180,1,1,2,1
2181,1,1,2,1
2182,1,1,4,1
2183,1,1,3,1
2184,1,1,2,1
2185,1,1,3,1
2186,1,1,2,1
2187,1,1,2,1
2188,1,1,3,1
2189,1,1,2,1
2190,1,1,2,1
2191,1,1,3,1
2192,1,1,2,1
2193,1,1,2,1
2194,1,1,2,1
2195,1,1,2,1
2196,1,1,2,1
2197,1,1,2,1
2198,1,1,2,1
2199,1,1,2,1
2200,1,1,2,1
2201,1,1,2,1
2202,1,1,2,1
2203,1,1,2,1
2204,1,1,2,1
2205,1,1,2,1
2206,1,1,3,1
2207,1,1,3,1
2208,1,1,4,1
2209,1,1,2,1
2210,1,1,4,1
2211,1,1,2,1
2212,1,1,2,1
2213,1,1,2,1
2214,1,1,2,1
2215,1,1,2,1
2216,1,1,2,1
2217,1,1,2,1
2218,1,1,2,1
2219,1,1,3,1
2220,1,1,2,1
2221,1,1,2,1
2222,1,1,2,1
2223,1,1,2,1
2224,1,1,2,1
2225,1,1,2,1
2226,1,1,2,1
2227,1,1,3,1
2228,1,1,2,1
2229,1,1,3,1
2230,1,1,3,1
2231,1,0,4,0
2232,1,1,2,1
2233,1,1,2,1
2234,1,1,3,1
2235,1,1,2,1
2236,1,1,2,1
2237,1,1,2,1
2238,1,0,2,0
2239,1,1,2,1
2240,1,1,2,1
2241,1,1,2,1
2242,1,1,2,1
2243,1,1,2,1
2244,1,1,2,1
2245,1,1,2,1
2246,1,1,2,1
2247,1,1,2,1
2248,1,1,2,1
2249,1,1,3,1
2250,1,1,3,1
2251,1,1,2,1
2252,1,1,2,1
2253,1,1,2,1
2254,1,1,3,1
2255,1,1,2,1
2256,1,1,3,1
2257,1,1,2,1
2258,1,1,2,1
2259,1,0,2,0
2260,1,1,3,1
2261,1,1,2,1
2262,1,1,2,1
2263,1,1,2,1
2264,1,1,2,1
2265,1,1,2,1
2266,1,1,4,1
2267,1,1,2,1
2268,1,1,2,1
2269,1,1,2,1
2270,1,1,4,1
2271,1,1,3,1
2272,1,1,2,1
2273,1,1,2,1
2274,1,1,2,1
2275,1,1,3,1
2276,1,1,2,1
2277,1,0,2,0
2278,1,1,2,1
2279,1,1,3,1
2280,1,1,2,1
2281,1,1,3,1
2282,1,1,2,1
2283,1,1,2,1
2284,1,1,2,1
2285,1,1,2,1
2286,1,1,2,1
2287,1,1,2,1
2288,1,1,3,1
2289,1,1,2,1
2290,1,1,3,1
2291,1,1,5,1
2292,1,1,2,1
2293,1,1,2,1
2294,1,1,2,1
2295,1,0,2,0
2296,1,1,3,1
2297,1,0,2,0
2298,1,1,2,1
2299,1,1,2,1
2300,1,0,3,0
2301,1,1,2,1
2302,1,1,2,1
2303,1,1,2,1
2304,1,1,2,1
2305,1,1,2,1
2306,1,1,2,1
2307,1,1,2,1
2308,1,1,2,1
2309,1,1,2,1
2310,1,1,2,1
2311,1,1,3,1
2312,1,1,2,1
2313,1,1,2,1
2314,1,1,3,1
2315,1,1,2,1
2316,1,1,2,1
2317,1,1,2,1
2318,1,1,3,1
2319,1,1,2,1
2320,1,1,2,1
2321,1,1,2,1
2322,1,1,2,1
2323,1,1,3,1
2324,1,1,2,1
2325,1,1,3,1
2326,1,1,2,1
2327,1,1,2,1
2328,1,1,2,1
2329,1,1,2,1
2330,1,1,2,1
2331,1,1,2,1
2332,1,1,2,1
2333,1,1,3,1
2334,1,1,2,1
2335,1,1,2,1
2336,1,1,2,1
2337,1,1,6,1
2338,1,1,2,1
2339,1,1,2,1
2340,1,1,2,1
2341,1,1,2,1
2342,1,1,5,1
2343,1,1,2,1
2344,1,1,4,1
2345,1,1,2,1
2346,1,1,2,1
2347,1,1,2,1
2348,1,1,2,1
2349,1,1,2,1
2350,1,1,2,1
2351,1,1,2,1
2352,1,0,2,0
2353,1,1,2,1
2354,1,1,2,1
2355,1,1,4,1
2356,1,1,2,1
2357,1,1,2,1
2358,1,1,2,1
2359,1,1,2,1
2360,1,1,3,1
2361,1,0,2,0
2362,1,1,2,1
2363,1,1,3,1
2364,1,1,3,1
2365,1,1,2,1
2366,1,1,2,1
2367,1,1,3,1
2368,1,1,2,1
2369,1,1,2,1
2370,1,1,2,1
2371,1,1,3,1
2372,1,1,2,1
2373,1,1,5,1
2374,1,1,2,1
2375,1,1,2,1
2376,1,1,2,1
2377,1,1,2,1
2378,1,1,3,1
2379,1,1,2,1
2380,1,1,2,1
2381,1,1,2,1
2382,1,1,2,1
2383,1,1,2,1
2384,1,1,2,1
2385,1,1,3,1
2386,1,1,2,1
2387,1,1,2,1
2388,1,1,3,1
2389,1,1,2,1
2390,1,1,2,1
2391,1,1,2,1
2392,1,1,3,1
2393,1,1,2,1
2394,1,1,3,1
2395,1,1,4,1
2396,1,1,2,1
2397,1,1,2,1
2398,1,1,3,1
2399,1,1,2,1
2400,1,1,2,1
2401,1,1,2,1
2402,1,1,2,1
2403,1,1,2,1
2404,1,1,2,1
2405,1,1,2,1
2406,1,1,2,1
2407,1,1,2,1
2408,1,0,2,0
2409,1,1,2,1
2410,1,0,2,0
2411,1,0,2,0
2412,1,1,2,1
2413,1,1,2,1
2414,1,1,2,1
2415,1,1,2,1
2416,1,1,2,1
2417,1,1,2,1
2418,1,1,2,1
2419,1,0,2,0
2420,1,1,3,1
2421,1,1,4,1
2422,1,1,4,1
2423,1,1,2,1
2424,1,1,2,1
2425,1,1,2,1
2426,1,1,2,1
2427,1,1,3,1
2428,1,1,2,1
2429,1,1,2,1
2430,1,1,2,1
2431,1,1,2,1
2432,1,1,2,1
2433,1,1,3,1
2434,1,0,2,0
2435,1,0,2,0
2436,1,1,2,1
2437,1,1,2,1
2438,1,1,2,1
2439,1,1,2,1
2440,1,1,2,1
2441,1,1,2,1
2442,1,1,3,1
2443,1,1,2,1
2444,1,1,4,1
2445,1,1,3,1
2446,1,1,2,1
2447,1,1,2,1
2448,1,1,2,1
2449,1,1,3,1
2450,1,1,2,1
2451,1,1,3,1
2452,1,1,2,1
2453,1,1,2,1
2454,1,1,2,1
2455,1,1,2,1
2456,1,1,2,1
2457,1,1,2,1
2458,1,1,2,1
2459,1,1,2,1
2460,1,1,3,1
2461,1,1,2,1
2462,1,0,2,0
2463,1,1,3,1
2464,1,1,3,1
2465,1,1,2,1
2466,1,1,2,1
2467,1,1,2,1
2468,1,1,2,1
2469,1,1,2,1
2470,1,1,2,1
2471,1,1,3,1
2472,1,1,2,1
2473,1,1,2,1
2474,1,1,2,1
2475,1,1,2,1
2476,1,1,3,1
2477,1,1,2,1
2478,1,1,2,1
2479,1,1,2,1
2480,1,1,2,1
2481,1,1,3,1
2482,1,1,2,1
2483,1,1,2,1
2484,1,1,3,1
2485,1,1,3,1
2486,1,1,3,1
2487,1,0,5,0
2488,1,1,2,1
2489,1,1,2,1
2490,1,1,4,1
2491,1,1,2,1
2492,1,1,2,1
2493,1,1,2,1
2494,1,0,2,0
2495,1,1,2,1
2496,1,1,3,1
2497,1,0,3,0
2498,1,1,2,1
2499,1,1,2,1
2500,1,1,2,1
2501,1,1,2,1
2502,1,1,2,1
2503,1,1,2,1
2504,1,1,2,1
2505,1,1,2,1
2506,1,1,2,1
2507,1,1,2,1
2508,1,1,2,1
2509,1,1,2,1
2510,1,1,2,1
2511,1,1,2,1
2512,1,1,3,1
2513,1,1,2,1
2514,1,1,2,1
2515,1,1,2,1
2516,1,1,2,1
2517,1,1,2,1
2518,1,1,2,1
2519,1,1,2,1
2520,1,1,2,1
2521,1,1,2,1
2522,1,1,2,1
2523,1,0,2,0
2524,1,1,2,1
2525,1,1,3,1
2526,1,1,2,1
2527,1,1,2,1
2528,1,1,3,1
2529,1,1,2,1
2530,1,1,3,1
2531,1,1,3,1
2532,1,1,3,1
2533,1,1,2,1
2534,1,0,2,0
2535,1,1,3,1
2536,1,1,2,1
2537,1,1,2,1
2538,1,1,2,1
2539,1,1,2,1
2540,1,1,2,1
2541,1,1,2,1
2542,1,1,2,1
2543,1,1,2,1
2544,1,1,2,1
2545,1,1,2,1
2546,1,1,3,1
2547,1,1,2,1
2548,1,1,2,1
2549,1,1,2,1
2550,1,1,2,1
2551,1,1,2,1
2552,1,1,2,1
2553,1,1,2,1
2554,1,1,2,1
2555,1,1,3,1
2556,1,1,2,1
2557,1,0,2,0
2558,1,1,2,1
2559,1,1,2,1
2560,1,1,2,1
2561,1,1,2,1
2562,1,1,2,1
2563,1,1,2,1
2564,1,1,3,1
2565,1,1,2,1
2566,1,1,4,1
2567,1,0,2,0
2568,1,1,2,1
2569,1,1,2,1
2570,1,1,2,1
2571,1,1,2,1
2572,1,1,2,1
2573,1,1,2,1
2574,1,1,2,1
2575,1,1,2,1
2576,1,1,2,1
2577,1,1,2,1
2578,1,1,2,1
2579,1,1,3,1
2580,1,1,2,1
2581,1,1,2,1
2582,1,1,2,1
2583,1,1,2,1
2584,1,1,2,1
2585,1,1,4,1
2586,1,1,2,1
2587,1,1,2,1
2588,1,1,2,1
2589,1,1,3,1
2590,1,1,3,1
2591,1,1,2,1
2592,1,1,2,1
2593,1,1,2,1
2594,1,1,2,1
2595,1,1,2,1
2596,1,1,2,1
2597,1,1,2,1
2598,1,1,3,1
2599,1,1,2,1
2600,1,1,2,1
2601,1,0,2,0
2602,1,1,2,1
2603,1,1,2,1
2604,1,1,2,1
2605,1,1,3,1
2606,1,1,2,1
2607,1,1,3,1
2608,1,1,2,1
2609,1,1,2,1
2610,1,1,2,1
2611,1,1,2,1
2612,1,1,2,1
2613,1,1,2,1
2614,1,0,2,0
2615,1,1,2,1
2616,1,1,2,1
2617,1,1,2,1
2618,1,1,2,1
2619,1,1,2,1
2620,1,1,3,1
2621,1,1,2,1
2622,1,1,2,1
2623,1,1,2,1
2624,1,1,2,1
2625,1,1,3,1
2626,1,1,2,1
2627,1,1,3,1
2628,1,1,2,1
2629,1,1,2,1
2630,1,1,2,1
2631,1,1,2,1
2632,1,1,2,1
2633,1,1,2,1
2634,1,1,2,1
2635,1,1,3,1
2636,1,0,2,0
2637,1,1,2,1
2638,1,1,2,1
2639,1,1,2,1
2640,1,1,2,1
2641,1,1,2,1
2642,1,1,2,1
2643,1,1,2,1
2644,1,1,2,1
2645,1,1,2,1
2646,1,1,2,1
2647,1,1,2,1
2648,1,1,2,1
2649,1,1,4,1
2650,1,0,2,0
2651,1,1,2,1
2652,1,1,2,1
2653,1,1,2,1
2654,1,1,2,1
2655,1,1,3,1
2656,1,1,2,1
2657,1,1,2,1
2658,1,1,2,1
2659,1,1,2,1
2660,1,1,2,1
2661,1,0,2,0
2662,1,1,2,1
2663,1,1,3,1
2664,1,1,2,1
2665,1,1,2,1
2666,1,1,3,1
2667,1,1,4,1
2668,1,1,2,1
2669,1,1,2,1
2670,1,1,2,1
2671,1,1,2,1
2672,1,1,2,1
2673,1,1,2,1
2674,1,1,2,1
2675,1,1,2,1
2676,1,1,2,1
2677,1,1,2,1
2678,1,1,2,1
2679,1,1,2,1
2680,1,1,2,1
2681,1,1,3,1
2682,1,1,2,1
2683,1,1,2,1
2684,1,0,5,0
2685,1,1,2,1
2686,1,1,2,1
2687,1,1,2,1
2688,1,1,2,1
2689,1,1,2,1
2690,1,1,2,1
2691,1,1,2,1
2692,1,1,2,1
2693,1,1,2,1
2694,1,1,2,1
2695,1,1,2,1
2696,1,1,2,1
2697,1,1,3,1
2698,1,0,2,0
2699,1,1,2,1
2700,1,1,2,1
2701,1,1,2,1
2702,1,1,2,1
2703,1,1,2,1
2704,1,1,2,1
2705,1,1,3,1
2706,1,1,2,1
2707,1,1,2,1
2708,1,1,2,1
2709,1,1,2,1
2710,1,1,2,1
2711,1,1,2,1
2712,1,1,2,1
2713,1,1,2,1
2714,1,1,2,1
2715,1,1,2,1
2716,1,1,3,1
2717,1,1,4,1
2718,1,1,3,1
2719,1,1,3,1
2720,1,1,2,1
2721,1,1,5,1
2722,1,1,3,1
2723,1,1,2,1
2724,1,1,2,1
2725,1,1,2,1
2726,1,1,2,1
2727,1,1,2,1
2728,1,1,2,1
2729,1,1,2,1
2730,1,1,2,1
2731,1,1,2,1
2732,1,1,2,1
2733,1,1,2,1
2734,1,1,2,1
2735,1,1,3,1
2736,1,1,2,1
2737,1,1,3,1
2738,1,1,2,1
2739,1,1,2,1
2740,1,1,2,1
2741,1,1,2,1
2742,1,0,3,0
2743,1,1,2,1
2744,1,1,2,1
2745,1,1,2,1
2746,1,1,2,1
2747,1,1,2,1
2748,1,1,3,1
2749,1,1,2,1
2750,1,1,2,1
2751,1,1,2,1
2752,1,1,3,1
2753,1,1,2,1
2754,1,1,2,1
2755,1,1,2,1
2756,1,1,2,1
2757,1,1,2,1
2758,1,1,2,1
2759,1,1,2,1
2760,1,1,2,1
2761,1,1,3,1
2762,1,1,2,1
2763,1,1,2,1
2764,1,1,2,1
2765,1,1,2,1
2766,1,1,2,1
2767,1,1,2,1
2768,1,1,2,1
2769,1,1,2,1
2770,1,1,2,1
2771,1,1,2,1
2772,1,1,2,1
2773,1,0,2,0
2774,1,1,3,1
2775,1,1,4,1
2776,1,1,2,1
2777,1,1,2,1
2778,1,1,2,1
2779,1,1,3,1
2780,1,1,2,1
2781,1,1,2,1
2782,1,1,2,1
2783,1,1,3,1
2784,1,1,3,1
2785,1,1,3,1
2786,1,1,2,1
2787,1,1,2,1
2788,1,1,2,1
2789,1,1,3,1
2790,1,1,2,1
2791,1,1,3,1
2792,1,1,2,1
2793,1,1,2,1
2794,1,1,2,1
2795,1,0,2,0
2796,1,1,2,1
2797,1,1,3,1
2798,1,1,3,1
2799,1,1,3,1
2800,1,1,2,1
2801,1,1,2,1
2802,1,0,2,0
2803,1,1,2,1
2804,1,1,2,1
2805,1,1,2,1
2806,1,1,2,1
2807,1,1,3,1
2808,1,1,2,1
2809,1,1,2,1
2810,1,1,2,1
2811,1,1,2,1
2812,1,0,3,0
2813,1,1,2,1
2814,1,1,2,1
2815,1,1,2,1
2816,1,1,2,1
2817,1,1,2,1
2818,1,1,2,1
2819,1,1,2,1
2820,1,1,2,1
2821,1,0,3,0
2822,1,1,2,1
2823,1,1,2,1
2824,1,1,2,1
2825,1,1,2,1
2826,1,1,2,1
2827,1,1,2,1
2828,1,1,2,1
2829,1,1,2,1
2830,1,1,2,1
2831,1,1,2,1
2832,1,1,4,1
2833,1,1,2,1
2834,1,1,2,1
2835,1,1,3,1
2836,1,1,2,1
2837,1,1,2,1
2838,1,1,2,1
2839,1,0,3,0
2840,1,1,2,1
2841,1,1,3,1
2842,1,1,2,1
2843,1,1,4,1
2844,1,1,2,1
2845,1,1,3,1
2846,1,1,2,1
2847,1,0,2,0
2848,1,1,2,1
2849,1,1,4,1
2850,1,1,2,1
2851,1,1,2,1
2852,1,1,2,1
2853,1,1,3,1
2854,1,1,2,1
2855,1,1,4,1
2856,1,1,2,1
2857,1,1,2,1
2858,1,1,3,1
2859,1,1,2,1
2860,1,1,2,1
2861,1,1,2,1
2862,1,1,4,1
2863,1,1,2,1
2864,1,1,2,1
2865,1,1,2,1
2866,1,1,2,1
2867,1,1,2,1
2868,1,1,2,1
2869,1,1,3,1
2870,1,1,3,1
2871,1,1,2,1
2872,1,1,2,1
2873,1,1,2,1
2874,1,1,2,1
2875,1,1,2,1
2876,1,1,3,1
2877,1,1,2,1
2878,1,1,2,1
2879,1,1,2,1
2880,1,1,2,1
2881,1,1,2,1
2882,1,1,2,1
2883,1,1,2,1
2884,1,1,3,1
2885,1,1,2,1
2886,1,1,2,1
2887,1,1,2,1
2888,1,1,2,1
2889,1,1,2,1
2890,1,1,2,1
2891,1,0,2,0
2892,1,1,2,1
2893,1,0,2,0
2894,1,1,2,1
2895,1,0,2,0
2896,1,1,4,1
2897,1,1,2,1
2898,1,1,3,1
2899,1,1,2,1
2900,1,1,2,1
2901,1,1,2,1
2902,1,1,2,1
2903,1,1,2,1
2904,1,1,2,1
2905,1,1,2,1
2906,1,1,3,1
2907,1,1,2,1
2908,1,1,4,1
2909,1,1,2,1
2910,1,1,4,1
2911,1,1,2,1
2912,1,1,2,1
2913,1,1,3,1
2914,1,1,2,1
2915,1,1,3,1
2916,1,1,2,1
2917,1,0,2,0
2918,1,0,3,0
2919,1,1,2,1
2920,1,1,2,1
2921,1,1,2,1
2922,1,1,3,1
2923,1,1,2,1
2924,1,1,2,1
2925,1,1,2,1
2926,1,1,2,1
2927,1,1,2,1
2928,1,1,2,1
2929,1,1,3,1
2930,1,1,2,1
2931,1,1,2,1
2932,1,1,2,1
2933,1,1,2,1
2934,1,1,2,1
2935,1,1,2,1
2936,1,1,4,1
2937,1,1,2,1
2938,1,1,2,1
2939,1,1,2,1
2940,1,0,2,0
2941,1,1,2,1
2942,1,0,2,0
2943,1,1,2,1
2944,1,1,2,1
2945,1,1,4,1
2946,1,1,2,1
2947,1,1,2,1
2948,1,1,2,1
2949,1,1,2,1
2950,1,1,3,1
2951,1,0,2,0
2952,1,1,2,1
2953,1,1,2,1
2954,1,1,2,1
2955,1,1,2,1
2956,1,1,3,1
2957,1,1,2,1
2958,1,0,2,0
2959,1,1,3,1
2960,1,0,2,0
2961,1,1,2,1
2962,1,1,2,1
2963,1,1,2,1
2964,1,1,2,1
2965,1,1,3,1
2966,1,1,2,1
2967,1,1,2,1
2968,1,1,2,1
2969,1,1,2,1
2970,1,1,2,1
2971,1,1,2,1
2972,1,0,4,0
2973,1,1,2,1
2974,1,1,3,1
2975,1,1,2,1
2976,1,1,2,1
2977,1,0,2,0
2978,1,1,2,1
2979,1,1,2,1
2980,1,0,2,0
2981,1,1,2,1
2982,1,0,2,0
2983,1,1,2,1
2984,1,1,2,1
2985,1,1,2,1
2986,1,0,2,0
2987,1,1,4,1
2988,1,1,2,1
2989,1,1,2,1
2990,1,1,2,1
2991,1,0,4,0
2992,1,1,2,1
2993,1,1,2,1
2994,1,1,2,1
2995,1,1,3,1
2996,1,1,2,1
2997,1,1,2,1
2998,1,1,2,1
2999,1,1,3,1
3000,1,1,2,1
3001,1,1,2,1
3002,1,1,2,1
3003,1,1,2,1
3004,1,1,3,1
3005,1,1,4,1
3006,1,1,2,1
3007,1,1,2,1
3008,1,1,2,1
3009,1,1,3,1
3010,1,1,2,1
3011,1,1,2,1
3012,1,1,2,1
3013,1,1,2,1
3014,1,1,2,1
3015,1,1,2,1
3016,1,1,2,1
3017,1,1,2,1
3018,1,1,3,1
3019,1,1,3,1
3020,1,1,4,1
3021,1,1,2,1
3022,1,1,2,1
3023,1,1,2,1
3024,1,1,4,1
3025,1,1,3,1
3026,1,1,2,1
3027,1,1,2,1
3028,1,1,2,1
3029,1,1,2,1
3030,1,1,2,1
3031,1,1,2,1
3032,1,1,3,1
3033,1,1,2,1
3034,1,1,3,1
3035,1,1,2,1
3036,1,1,2,1
3037,1,1,2,1
3038,1,0,2,0
3039,1,1,2,1
3040,1,1,2,1
3041,1,1,2,1
3042,1,1,3,1
3043,1,1,2,1
3044,1,1,2,1
3045,1,1,2,1
3046,1,1,2,1
3047,1,1,2,1
3048,1,1,2,1
3049,1,1,2,1
3050,1,1,2,1
3051,1,1,2,1
3052,1,0,2,0
3053,1,1,3,1
3054,1,1,2,1
3055,1,1,2,1
3056,1,1,2,1
3057,1,1,3,1
3058,1,1,2,1
3059,1,1,2,1
3060,1,1,2,1
3061,1,1,3,1
3062,1,1,2,1
3063,1,1,2,1
3064,1,1,2,1
3065,1,1,2,1
3066,1,1,2,1
3067,1,1,2,1
3068,1,1,4,1
3069,1,0,3,0
3070,1,1,2,1
3071,1,1,3,1
3072,1,1,3,1
3073,1,1,2,1
3074,1,0,2,0
3075,1,1,2,1
3076,1,0,2,0
3077,1,1,2,1
3078,1,1,2,1
3079,1,1,2,1
3080,1,1,2,1
3081,1,0,3,0
3082,1,1,2,1
3083,1,1,2,1
3084,1,1,2,1
3085,1,1,2,1
3086,1,1,2,1
3087,1,1,2,1
3088,1,1,2,1
3089,1,1,2,1
3090,1,1,2,1
3091,1,1,2,1
3092,1,1,2,1
3093,1,1,2,1
3094,1,1,2,1
3095,1,1,2,1
3096,1,1,2,1
3097,1,1,2,1
3098,1,1,2,1
3099,1,1,2,1
3100,1,1,2,1
3101,1,0,2,0
3102,1,0,2,0
3103,1,1,2,1
3104,1,1,2,1
3105,1,1,2,1
3106,1,1,3,1
3107,1,1,3,1
3108,1,1,4,1
3109,1,1,2,1
3110,1,1,3,1
3111,1,1,3,1
3112,1,1,2,1
3113,1,1,2,1
3114,1,1,5,1
3115,1,1,3,1
3116,1,1,2,1
3117,1,1,3,1
3118,1,1,2,1
3119,1,1,2,1
3120,1,1,2,1
3121,1,1,3,1
3122,1,1,2,1
3123,1,1,3,1
3124,1,1,2,1
3125,1,1,2,1
3126,1,1,3,1
3127,1,1,2,1
3128,1,1,4,1
3129,1,1,2,1
3130,1,1,2,1
3131,1,1,2,1
3132,1,1,3,1
3133,1,1,3,1
3134,1,0,2,0
3135,1,1,2,1
3136,1,1,3,1
3137,1,1,2,1
3138,1,1,2,1
3139,1,1,2,1
3140,1,0,4,0
3141,1,1,2,1
3142,1,0,2,0
3143,1,1,2,1
3144,1,1,2,1
3145,1,1,2,1
3146,1,1,2,1
3147,1,1,2,1
3148,1,0,4,0
3149,1,0,2,0
3150,1,1,2,1
3151,1,0,2,0
3152,1,0,3,0
3153,1,1,2,1
3154,1,1,4,1
3155,1,0,2,0
3156,1,1,2,1
3157,1,1,4,1
3158,1,1,2,1
3159,1,1,2,1
3160,1,1,2,1
3161,1,1,2,1
3162,1,1,2,1
3163,1,1,2,1
3164,1,1,2,1
3165,1,0,4,0
3166,1,1,2,1
3167,1,1,4,1
3168,1,1,2,1
3169,1,1,3,1
3170,1,1,3,1
3171,1,1,2,1
3172,1,1,3,1
3173,1,1,4,1
3174,1,1,2,1
3175,1,1,2,1
3176,1,1,2,1
3177,1,1,2,1
3178,1,1,2,1
3179,1,1,2,1
3180,1,1,2,1
3181,1,0,2,0
3182,1,1,4,1
3183,1,1,2,1
3184,1,1,2,1
3185,1,1,2,1
3186,1,1,3,1
3187,1,1,3,1
3188,1,1,5,1
3189,1,1,3,1
3190,1,1,2,1
3191,1,1,2,1
3192,1,1,3,1
3193,1,1,2,1
3194,1,0,4,0
3195,1,1,2,1
3196,1,1,2,1
3197,1,1,2,1
3198,1,1,2,1
3199,1,1,2,1
3200,1,1,2,1
3201,1,1,2,1
3202,1,1,2,1
3203,1,1,3,1
3204,1,1,2,1
3205,1,1,2,1
3206,1,1,2,1
3207,1,1,2,1
3208,1,1,3,1
3209,1,1,2,1
3210,1,1,2,1
3211,1,0,3,0
3212,1,1,2,1
3213,1,1,3,1
3214,1,1,3,1
3215,1,0,4,0
3216,1,1,3,1
3217,1,1,2,1
3218,1,1,2,1
3219,1,0,2,0
3220,1,1,2,1
3221,1,1,2,1
3222,1,1,3,1
3223,1,1,2,1
3224,1,1,2,1
3225,1,1,2,1
3226,1,1,2,1
3227,1,1,3,1
3228,1,1,3,1
3229,1,1,3,1
3230,1,1,2,1
3231,1,1,3,1
3232,1,0,3,0
3233,1,1,2,1
3234,1,1,2,1
3235,1,1,2,1
3236,1,1,2,1
3237,1,1,2,1
3238,1,1,2,1
3239,1,1,2,1
3240,1,1,2,1
3241,1,1,2,1
3242,1,1,2,1
3243,1,1,2,1
3244,1,1,3,1
3245,1,1,2,1
3246,1,1,2,1
3247,1,1,2,1
3248,1,1,2,1
3249,1,1,3,1
3250,1,1,5,1
3251,1,1,2,1
3252,1,0,4,0
3253,1,1,2,1
3254,1,1,2,1
3255,1,1,2,1
3256,1,1,2,1
3257,1,1,2,1
3258,1,1,2,1
3259,1,1,3,1
3260,1,1,4,1
3261,1,0,2,0
3262,1,1,2,1
3263,1,1,2,1
3264,1,1,2,1
3265,1,1,2,1
3266,1,1,3,1
3267,1,1,2,1
3268,1,1,2,1
3269,1,1,2,1
3270,1,1,4,1
3271,1,1,2,1
3272,1,1,2,1
3273,1,1,2,1
3274,1,1,2,1
3275,1,1,2,1
3276,1,0,2,0
3277,1,1,3,1
3278,1,1,2,1
3279,1,1,2,1
3280,1,1,2,1
3281,1,1,2,1
3282,1,1,2,1
3283,1,1,2,1
3284,1,0,2,0
3285,1,1,4,1
3286,1,1,2,1
3287,1,1,2,1
3288,1,1,2,1
3289,1,1,2,1
3290,1,1,2,1
3291,1,1,2,1
3292,1,1,2,1
3293,1,1,3,1
3294,1,1,2,1
3295,1,1,3,1
3296,1,1,2,1
3297,1,1,2,1
3298,1,1,3,1
3299,1,1,2,1
3300,1,1,2,1
3301,1,1,2,1
3302,1,0,2,0
3303,1,1,2,1
3304,1,1,3,1
3305,1,0,2,0
3306,1,0,2,0
3307,1,0,3,0
3308,1,1,3,1
3309,1,1,2,1
3310,1,1,2,1
3311,1,0,2,0
3312,1,1,2,1
3313,1,1,3,1
3314,1,1,2,1
3315,1,1,2,1
3316,1,1,2,1
3317,1,1,2,1
3318,1,1,2,1
3319,1,1,2,1
3320,1,1,2,1
3321,1,1,3,1
3322,1,1,4,1
3323,1,1,2,1
3324,1,1,2,1
3325,1,1,4,1
3326,1,0,2,0
3327,1,1,2,1
3328,1,1,3,1
3329,1,1,2,1
3330,1,1,2,1
3331,1,1,3,1
3332,1,1,2,1
3333,1,1,2,1
3334,1,1,2,1
3335,1,1,2,1
3336,1,1,2,1
3337,1,1,2,1
3338,1,1,2,1
3339,1,1,2,1
3340,1,1,2,1
3341,1,1,2,1
3342,1,1,2,1
3343,1,1,2,1
3344,1,1,2,1
3345,1,1,2,1
3346,1,1,2,1
3347,1,1,2,1
3348,1,1,3,1
3349,1,1,4,1
3350,1,1,2,1
3351,1,1,2,1
3352,1,1,2,1
3353,1,1,3,1
3354,1,0,2,0
3355,1,0,2,0
3356,1,1,3,1
3357,1,1,2,1
3358,1,1,2,1
3359,1,1,2,1
3360,1,1,2,1
3361,1,1,2,1
3362,1,1,2,1
3363,1,1,2,1
3364,1,1,2,1
3365,1,1,3,1
3366,1,1,2,1
3367,1,1,2,1
3368,1,1,3,1
3369,1,0,2,0
3370,1,1,2,1
3371,1,1,2,1
3372,1,1,2,1
3373,1,0,3,0
3374,1,1,2,1
3375,1,1,2,1
3376,1,1,2,1
3377,1,1,2,1
3378,1,1,3,1
3379,1,1,2,1
3380,1,1,5,1
3381,1,1,2,1
3382,1,1,4,1
3383,1,1,2,1
3384,1,1,2,1
3385,1,1,3,1
3386,1,1,2,1
3387,1,1,2,1
3388,1,1,2,1
3389,1,1,4,1
3390,1,1,2,1
3391,1,1,2,1
3392,1,1,3,1
3393,1,1,2,1
3394,1,1,2,1
3395,1,1,3,1
3396,1,1,3,1
3397,1,1,4,1
3398,1,1,2,1
3399,1,1,3,1
3400,1,1,2,1
3401,1,0,2,0
3402,1,1,2,1
3403,1,1,2,1
3404,1,1,2,1
3405,1,1,2,1
3406,1,1,2,1
3407,1,1,2,1
3408,1,1,2,1
3409,1,1,2,1
3410,1,0,3,0
3411,1,1,2,1
3412,1,1,2,1
3413,1,1,3,1
3414,1,1,3,1
3415,1,0,3,0
3416,1,1,2,1
3417,1,1,2,1
3418,1,1,2,1
3419,1,1,2,1
3420,1,1,2,1
3421,1,1,2,1
3422,1,1,2,1
3423,1,1,2,1
3424,1,0,2,0
3425,1,1,2,1
3426,1,1,2,1
3427,1,1,2,1
3428,1,1,3,1
3429,1,0,2,0
3430,1,1,2,1
3431,1,1,2,1
3432,1,1,2,1
3433,1,1,2,1
3434,1,1,2,1
3435,1,1,2,1
3436,1,1,3,1
3437,1,1,2,1
3438,1,0,2,0
3439,1,1,2,1
3440,1,1,3,1
3441,1,1,2,1
3442,1,1,2,1
3443,1,1,2,1
3444,1,1,2,1
3445,1,1,2,1
3446,1,1,2,1
3447,1,0,4,0
3448,1,1,2,1
3449,1,1,2,1
3450,1,0,2,0
3451,1,1,2,1
3452,1,1,2,1
3453,1,0,2,0
3454,1,1,2,1
3455,1,1,2,1
3456,1,1,6,1
3457,1,1,2,1
3458,1,1,2,1
3459,1,0,3,0
3460,1,1,2,1
3461,1,1,2,1
3462,1,1,3,1
3463,1,1,2,1
3464,1,1,2,1
3465,1,1,2,1
3466,1,1,2,1
3467,1,1,2,1
3468,1,1,2,1
3469,1,1,2,1
3470,1,1,2,1
3471,1,1,3,1
3472,1,1,2,1
3473,1,0,2,0
3474,1,0,2,0
3475,1,0,2,0
3476,1,1,4,1
3477,1,1,2,1
3478,1,1,2,1
3479,1,0,3,0
3480,1,1,2,1
3481,1,1,2,1
3482,1,1,3,1
3483,1,1,2,1
3484,1,1,2,1
3485,1,1,2,1
3486,1,1,2,1
3487,1,1,3,1
3488,1,1,2,1
3489,1,1,2,1
3490,1,1,2,1
3491,1,1,2,1
3492,1,1,2,1
3493,1,0,2,0
3494,1,1,2,1
3495,1,1,2,1
3496,1,1,2,1
3497,1,1,3,1
3498,1,1,5,1
3499,1,1,2,1
3500,1,1,3,1
3501,1,1,2,1
3502,1,1,2,1
3503,1,1,2,1
3504,1,1,2,1
3505,1,0,2,0
3506,1,1,2,1
3507,1,1,2,1
3508,1,1,2,1
3509,1,0,2,0
3510,1,1,3,1
3511,1,1,2,1
3512,1,0,2,0
3513,1,1,2,1
3514,1,1,2,1
3515,1,1,2,1
3516,1,1,2,1
3517,1,0,2,0
3518,1,1,2,1
3519,1,1,2,1
3520,1,1,2,1
3521,1,1,3,1
3522,1,1,2,1
3523,1,1,2,1
3524,1,1,3,1
3525,1,1,3,1
3526,1,1,4,1
3527,1,0,2,0
3528,1,1,2,1
3529,1,1,2,1
3530,1,1,2,1
3531,1,1,2,1
3532,1,1,2,1
3533,1,1,4,1
3534,1,1,2,1
3535,1,1,2,1
3536,1,1,3,1
3537,1,1,2,1
3538,1,1,3,1
3539,1,1,2,1
3540,1,1,2,1
3541,1,1,2,1
3542,1,1,4,1
3543,1,1,2,1
3544,1,1,2,1
3545,1,1,2,1
3546,1,1,2,1
3547,1,1,2,1
3548,1,1,2,1
3549,1,1,3,1
3550,1,1,3,1
3551,1,1,2,1
3552,1,1,3,1
3553,1,1,3,1
3554,1,1,2,1
3555,1,1,2,1
3556,1,1,2,1
3557,1,0,3,0
3558,1,1,2,1
3559,1,1,2,1
3560,1,1,3,1
3561,1,1,2,1
3562,1,1,2,1
3563,1,1,2,1
3564,1,1,2,1
3565,1,1,2,1
3566,1,1,2,1
3567,1,1,3,1
3568,1,1,2,1
3569,1,1,2,1
3570,1,1,2,1
3571,1,1,2,1
3572,1,1,2,1
3573,1,1,3,1
3574,1,1,2,1
3575,1,1,2,1
3576,1,1,2,1
3577,1,1,3,1
3578,1,1,2,1
3579,1,1,2,1
3580,1,1,3,1
3581,1,0,2,0
3582,1,0,2,0
3583,1,1,2,1
3584,1,1,3,1
3585,1,1,4,1
3586,1,1,3,1
3587,1,1,2,1
3588,1,1,2,1
3589,1,1,2,1
3590,1,1,2,1
3591,1,1,2,1
3592,1,1,2,1
3593,1,1,3,1
3594,1,1,2,1
3595,1,1,2,1
3596,1,1,2,1
3597,1,1,2,1
3598,1,1,2,1
3599,1,1,2,1
3600,1,1,2,1
3601,1,1,3,1
3602,1,1,3,1
3603,1,1,2,1
3604,1,1,2,1
3605,1,1,4,1
3606,1,1,2,1
3607,1,1,2,1
3608,1,1,2,1
3609,1,1,2,1
3610,1,1,2,1
3611,1,1,2,1
3612,1,1,2,1
3613,1,1,2,1
3614,1,1,3,1
3615,1,1,2,1
3616,1,1,3,1
3617,1,1,4,1
3618,1,1,4,1
3619,1,1,2,1
3620,1,1,2,1
3621,1,1,2,1
3622,1,1,3,1
3623,1,1,2,1
3624,1,1,4,1
3625,1,1,2,1
3626,1,1,3,1
3627,1,1,2,1
3628,1,1,2,1
3629,1,1,2,1
3630,1,1,2,1
3631,1,1,4,1
3632,1,1,2,1
3633,1,1,3,1
3634,1,1,2,1
3635,1,1,2,1
3636,1,1,6,1
3637,1,1,2,1
3638,1,1,3,1
3639,1,0,2,0
3640,1,1,2,1
3641,1,1,2,1
3642,1,1,2,1
3643,1,1,2,1
3644,1,1,2,1
3645,1,1,3,1
3646,1,1,3,1
3647,1,1,2,1
3648,1,0,2,0
3649,1,1,2,1
3650,1,1,2,1
3651,1,1,3,1
3652,1,1,2,1
3653,1,1,2,1
3654,1,1,2,1
3655,1,1,2,1
3656,1,1,3,1
3657,1,1,2,1
3658,1,1,2,1
3659,1,0,2,0
3660,1,1,2,1
3661,1,1,4,1
3662,1,1,2,1
3663,1,1,2,1
3664,1,1,3,1
3665,1,1,2,1
3666,1,1,2,1
3667,1,1,2,1
3668,1,1,2,1
3669,1,0,2,0
3670,1,1,2,1
3671,1,1,2,1
3672,1,1,2,1
3673,1,1,2,1
3674,1,1,2,1
3675,1,1,2,1
3676,1,1,3,1
3677,1,1,2,1
3678,1,1,2,1
3679,1,0,2,0
3680,1,1,2,1
3681,1,1,2,1
3682,1,1,2,1
3683,1,1,2,1
3684,1,0,2,0
3685,1,1,2,1
3686,1,1,2,1
3687,1,1,2,1
3688,1,1,2,1
3689,1,1,3,1
3690,1,1,2,1
3691,1,1,2,1
3692,1,1,2,1
3693,1,1,2,1
3694,1,0,2,0
3695,1,1,2,1
3696,1,1,2,1
3697,1,1,2,1
3698,1,1,2,1
3699,1,1,2,1
3700,1,1,2,1
3701,1,1,2,1
3702,1,1,2,1
3703,1,1,2,1
3704,1,1,2,1
3705,1,1,2,1
3706,1,1,3,1
3707,1,1,2,1
3708,1,1,3,1
3709,1,1,3,1
3710,1,1,3,1
3711,1,1,2,1
3712,1,1,3,1
3713,1,1,2,1
3714,1,1,2,1
3715,1,1,2,1
3716,1,1,2,1
3717,1,1,2,1
3718,1,1,2,1
3719,1,1,2,1
3720,1,1,2,1
3721,1,1,2,1
3722,1,0,4,0
3723,1,1,2,1
3724,1,1,2,1
3725,1,1,2,1
3726,1,1,2,1
3727,1,0,2,0
3728,1,0,2,0
3729,1,1,2,1
3730,1,1,2,1
3731,1,1,2,1
3732,1,1,2,1
3733,1,1,2,1
3734,1,1,2,1
3735,1,1,2,1
3736,1,1,3,1
3737,1,1,3,1
3738,1,1,4,1
3739,1,1,2,1
3740,1,1,2,1
3741,1,1,2,1
3742,1,1,2,1
3743,1,1,2,1
3744,1,1,3,1
3745,1,1,3,1
3746,1,1,3,1
3747,1,1,4,1
3748,1,0,2,0
3749,1,1,2,1
3750,1,0,2,0
3751,1,1,2,1
3752,1,1,2,1
3753,1,1,2,1
3754,1,1,2,1
3755,1,1,2,1
3756,1,1,2,1
3757,1,1,3,1
3758,1,1,2,1
3759,1,1,2,1
3760,1,1,2,1
3761,1,1,2,1
3762,1,1,3,1
3763,1,1,2,1
3764,1,1,2,1
3765,1,1,3,1
3766,1,1,2,1
3767,1,1,2,1
3768,1,1,2,1
3769,1,1,2,1
3770,1,1,3,1
3771,1,1,2,1
3772,1,1,2,1
3773,1,1,2,1
3774,1,1,2,1
3775,1,1,5,1
3776,1,1,2,1
3777,1,1,2,1
3778,1,1,2,1
3779,1,1,2,1
3780,1,1,2,1
3781,1,1,2,1
3782,1,1,2,1
3783,1,1,3,1
3784,1,1,2,1
3785,1,1,2,1
3786,1,1,2,1
3787,1,1,2,1
3788,1,1,2,1
3789,1,1,2,1
3790,1,1,2,1
3791,1,1,2,1
3792,1,0,3,0
3793,1,1,2,1
3794,1,1,2,1
3795,1,1,2,1
3796,1,1,3,1
3797,1,1,3,1
3798,1,1,3,1
3799,1,0,2,0
3800,1,1,3,1
3801,1,1,2,1
3802,1,1,3,1
3803,1,1,2,1
3804,1,1,3,1
3805,1,1,2,1
3806,1,1,3,1
3807,1,1,3,1
3808,1,1,2,1
3809,1,1,3,1
3810,1,1,3,1
3811,1,0,2,0
3812,1,1,2,1
3813,1,1,2,1
3814,1,1,3,1
3815,1,1,2,1
3816,1,1,2,1
3817,1,1,2,1
3818,1,1,2,1
3819,1,0,3,0
3820,1,1,2,1
3821,1,1,2,1
3822,1,1,2,1
3823,1,1,2,1
3824,1,1,3,1
3825,1,1,2,1
3826,1,1,2,1
3827,1,1,2,1
3828,1,1,2,1
3829,1,1,2,1
3830,1,1,3,1
3831,1,1,2,1
3832,1,0,2,0
3833,1,0,4,0
3834,1,1,2,1
3835,1,1,2,1
3836,1,1,2,1
3837,1,1,2,1
3838,1,0,2,0
3839,1,1,2,1
3840,1,1,2,1
3841,1,1,3,1
3842,1,1,2,1
3843,1,1,2,1
3844,1,1,2,1
3845,1,1,2,1
3846,1,1,2,1
3847,1,1,2,1
3848,1,1,2,1
3849,1,1,2,1
3850,1,1,2,1
3851,1,1,2,1
3852,1,1,4,1
3853,1,0,2,0
3854,1,1,2,1
3855,1,1,3,1
3856,1,1,2,1
3857,1,1,5,1
3858,1,1,2,1
3859,1,1,2,1
3860,1,1,2,1
3861,1,1,2,1
3862,1,1,2,1
3863,1,1,2,1
3864,1,1,2,1
3865,1,1,3,1
3866,1,0,3,0
3867,1,1,3,1
3868,1,1,2,1
3869,1,1,2,1
3870,1,1,2,1
3871,1,1,2,1
3872,1,1,2,1
3873,1,1,3,1
3874,1,0,2,0
3875,1,0,2,0
3876,1,1,4,1
3877,1,1,4,1
3878,1,0,3,0
3879,1,1,2,1
3880,1,1,3,1
3881,1,1,3,1
3882,1,1,2,1
3883,1,1,2,1
3884,1,1,2,1
3885,1,0,2,0
3886,1,0,2,0
3887,1,1,3,1
3888,1,1,2,1
3889,1,1,2,1
3890,1,1,2,1
3891,1,1,3,1
3892,1,1,2,1
3893,1,1,7,1
3894,1,1,2,1
3895,1,1,2,1
3896,1,0,2,0
3897,1,1,2,1
3898,1,1,2,1
3899,1,0,3,0
3900,1,1,2,1
3901,1,1,2,1
3902,1,1,2,1
3903,1,1,2,1
3904,1,1,3,1
3905,1,1,2,1
3906,1,1,2,1
3907,1,1,2,1
3908,1,0,3,0
3909,1,1,2,1
3910,1,1,2,1
3911,1,1,2,1
3912,1,1,2,1
3913,1,0,3,0
3914,1,0,3,0
3915,1,1,2,1
3916,1,1,3,1
3917,1,1,2,1
3918,1,1,2,1
3919,1,0,3,0
3920,1,1,2,1
3921,1,1,2,1
3922,1,0,2,0
3923,1,1,2,1
3924,1,1,4,1
3925,1,1,2,1
3926,1,1,2,1
3927,1,1,4,1
3928,1,1,2,1
3929,1,1,2,1
3930,1,1,2,1
3931,1,1,5,1
3932,1,1,3,1
3933,1,1,2,1
3934,1,1,3,1
3935,1,1,3,1
3936,1,1,2,1
3937,1,0,3,0
3938,1,1,2,1
3939,1,1,2,1
3940,1,1,2,1
3941,1,0,2,0
3942,1,1,6,1
3943,1,1,3,1
3944,1,1,2,1
3945,1,1,2,1
3946,1,1,3,1
3947,1,1,2,1
3948,1,1,2,1
3949,1,1,2,1
3950,1,1,2,1
3951,1,1,2,1
3952,1,1,3,1
3953,1,1,2,1
3954,1,1,2,1
3955,1,1,2,1
3956,1,0,2,0
3957,1,1,3,1
3958,1,1,2,1
3959,1,0,2,0
3960,1,0,2,0
3961,1,1,2,1
3962,1,1,2,1
3963,1,1,2,1
3964,1,1,3,1
3965,1,1,2,1
3966,1,1,3,1
3967,1,1,3,1
3968,1,1,2,1
3969,1,1,2,1
3970,1,1,2,1
3971,1,1,2,1
3972,1,1,3,1
3973,1,1,2,1
3974,1,1,3,1
3975,1,1,2,1
3976,1,1,2,1
3977,1,1,2,1
3978,1,1,2,1
3979,1,1,2,1
3980,1,1,2,1
3981,1,1,2,1
3982,1,1,2,1
3983,1,1,2,1
3984,1,1,2,1
3985,1,1,2,1
3986,1,1,2,1
3987,1,1,3,1
3988,1,1,2,1
3989,1,1,4,1
3990,1,0,3,0
3991,1,1,3,1
3992,1,1,2,1
3993,1,1,2,1
3994,1,0,3,0
3995,1,1,2,1
3996,1,1,2,1
3997,1,1,2,1
3998,1,1,2,1
3999,1,1,3,1
